Date,Open,High,Low,Close,Adj Close,Volume
2000-01-03,8.875,9.0,8.75,8.75,8.287651,900400
2000-01-04,8.796875,8.84375,8.625,8.640625,8.184055,892000
2000-01-05,8.703125,8.75,8.515625,8.6875,8.228454,1016800
2000-01-06,8.6875,8.765625,8.53125,8.6953,8.235842,1045200
2000-01-07,8.765625,9.078125,8.6875,9.015625,8.539241,1304800
2000-01-10,9.078125,9.21875,8.8125,8.859375,8.391248,1474800
2000-01-11,8.96875,9.109375,8.859375,8.859375,8.391248,1962800
2000-01-12,8.921875,9.0,8.59375,8.609375,8.154457,1040400
2000-01-13,8.515625,8.703125,8.46875,8.59375,8.139658,1389600
2000-01-14,8.625,8.703125,8.5,8.546875,8.095262,1209200
2000-01-18,8.578125,8.609375,8.53125,8.53125,8.080459,765600
2000-01-19,8.515625,8.5625,8.3125,8.328125,7.888069000000001,941200
2000-01-20,8.34375,8.421875,8.078125,8.125,7.695676,1241600
2000-01-21,8.0,8.140625,7.796875,7.953125,7.532883999999999,1471600
2000-01-24,7.96875,8.0,7.53125,7.53125,7.1333,1567200
2000-01-25,7.59375,7.734375,7.578125,7.625,7.2220960000000005,938000
2000-01-26,7.625,8.1875,7.578125,8.0625,7.636478,1780000
2000-01-27,8.09375,8.09375,7.9375,7.96875,7.547682000000001,959200
2000-01-28,8.015625,8.21875,8.0,8.15625,7.725274000000001,824000
2000-01-31,8.125,8.171875,7.96875,7.96875,7.547682000000001,1047200
2000-02-01,7.46875,8.171875,7.375,7.9375,7.518084,3467600
2000-02-02,7.90625,8.03125,7.734375,7.953125,7.532883999999999,1629600
2000-02-03,7.84375,7.890625,7.71875,7.78125,7.370089999999999,1693200
2000-02-04,7.765625,7.796875,7.671875,7.671875,7.266494000000001,942400
2000-02-07,7.609375,7.75,7.546875,7.59375,7.192498,1138800
2000-02-08,7.59375,7.59375,7.453125,7.515625,7.1185,1420400
2000-02-09,7.5,7.5,7.390625,7.390625,7.000106,782800
2000-02-10,7.484375,7.546875,7.296875,7.453125,7.059303999999999,1642800
2000-02-11,7.40625,7.453125,7.296875,7.296875,6.91131,482400
2000-02-14,7.28125,7.296875,6.765625,6.828125,6.467327,1692000
2000-02-15,6.875,7.0,6.75,6.921875,6.556125,1457200
2000-02-16,6.921875,7.046875,6.859375,6.953125,6.5857220000000005,1769200
2000-02-17,6.984375,7.140625,6.953125,7.09375,6.7189179999999995,1376800
2000-02-18,7.140625,7.171875,6.9375,7.03125,6.659721,898000
2000-02-22,7.03125,7.03125,6.8125,6.859375,6.496926,1195200
2000-02-23,6.890625,6.890625,6.765625,6.78125,6.422929,1871600
2000-02-24,6.796875,6.828125,6.65625,6.8125,6.452528,713200
2000-02-25,6.75,6.765625,6.625,6.65625,6.304535,616000
2000-02-28,6.625,6.890625,6.625,6.765625,6.40813,621600
2000-02-29,6.828125,6.828125,6.53125,6.625,6.274936,987600
2000-03-01,6.6875,6.84375,6.65625,6.671875,6.319335,907200
2000-03-02,6.640625,6.671875,6.5,6.53125,6.18614,638800
2000-03-03,6.546875,6.828125,6.46875,6.796875,6.437728,1117600
2000-03-06,6.734375,6.75,6.40625,6.515625,6.171341,1013200
2000-03-07,6.546875,6.546875,6.3125,6.375,6.038145,880000
2000-03-08,6.4375,6.75,6.4375,6.6875,6.334134,1961600
2000-03-09,6.5625,6.78125,6.375,6.5,6.156540000000001,1833200
2000-03-10,6.59375,6.859375,6.546875,6.71875,6.363732,888400
2000-03-13,6.71875,6.8125,6.5,6.765625,6.40813,730400
2000-03-14,6.78125,6.84375,6.40625,6.484375,6.141741000000001,1840400
2000-03-15,6.53125,7.578125,6.53125,7.515625,7.1185,2609600
2000-03-16,7.578125,8.3125,7.46875,8.125,7.695676,2004800
2000-03-17,8.0625,8.15625,7.609375,7.671875,7.266494000000001,1437600
2000-03-20,7.25,7.65625,7.21875,7.5,7.103702,2272000
2000-03-21,7.5,8.046875,7.46875,7.90625,7.488485000000001,1236400
2000-03-22,7.921875,7.921875,7.21875,7.234375,6.852111,3377200
2000-03-23,7.234375,7.59375,7.140625,7.59375,7.192498,1602000
2000-03-24,7.546875,7.765625,7.25,7.265625,6.881711,2410000
2000-03-27,7.28125,7.453125,7.171875,7.234375,6.852111,701600
2000-03-28,7.28125,7.5,7.28125,7.4375,7.044503999999999,1496800
2000-03-29,7.46875,7.609375,7.25,7.3125,6.926108,1274800
2000-03-30,7.375,7.375,7.1875,7.203125,6.822512,1140000
2000-03-31,7.1875,7.546875,7.171875,7.515625,7.1185,1852000
2000-04-03,7.5,7.53125,7.1875,7.25,6.866911,1118800
2000-04-04,7.3125,7.453125,7.015625,7.25,6.866911,1284000
2000-04-05,7.265625,7.875,7.25,7.75,7.340489999999999,1430000
2000-04-06,7.71875,7.84375,7.6875,7.71875,7.310892,573200
2000-04-07,7.65625,7.734375,7.40625,7.484375,7.088902,562800
2000-04-10,7.5,7.6875,7.5,7.59375,7.192498,758800
2000-04-11,7.65625,7.875,7.625,7.84375,7.4292869999999995,862400
2000-04-12,7.90625,7.96875,7.75,7.84375,7.4292869999999995,886000
2000-04-13,7.90625,7.90625,7.78125,7.796875,7.3848899999999995,1628400
2000-04-14,7.75,7.765625,7.234375,7.40625,7.014905000000001,1247600
2000-04-17,7.3125,7.359375,7.125,7.234375,6.852111,1144000
2000-04-18,7.234375,7.5,7.21875,7.4375,7.044503999999999,961600
2000-04-19,7.34375,7.734375,7.234375,7.609375,7.207296,1197200
2000-04-20,7.609375,7.609375,7.28125,7.4375,7.044503999999999,699200
2000-04-24,7.4375,7.4375,7.03125,7.109375,6.7337169999999995,994800
2000-04-25,7.15625,7.4375,7.15625,7.4375,7.044503999999999,583600
2000-04-26,7.4375,7.4375,7.15625,7.234375,6.852111,1038000
2000-04-27,7.1875,7.234375,7.0625,7.1875,6.807713000000001,564000
2000-04-28,7.1875,7.25,7.046875,7.1875,6.807713000000001,638000
2000-05-01,7.171875,7.5625,7.15625,7.46875,7.074103,820400
2000-05-02,7.4375,7.515625,7.203125,7.3125,6.926108,627200
2000-05-03,7.328125,7.328125,7.203125,7.21875,6.837312,570000
2000-05-04,7.375,7.453125,7.34375,7.421875,7.029704,692800
2000-05-05,7.421875,7.6875,7.40625,7.53125,7.1333,741200
2000-05-08,7.59375,7.8125,7.515625,7.75,7.340489999999999,778800
2000-05-09,7.765625,7.796875,7.359375,7.5625,7.162897999999999,903200
2000-05-10,7.515625,7.640625,7.3125,7.375,6.985306,670400
2000-05-11,7.375,7.53125,7.375,7.453125,7.059303999999999,817200
2000-05-12,7.4375,7.484375,7.125,7.1875,6.807713000000001,1062400
2000-05-15,7.203125,7.375,7.125,7.296875,6.91131,599600
2000-05-16,7.25,7.453125,7.1875,7.453125,7.059303999999999,1046400
2000-05-17,7.390625,7.71875,7.375,7.53125,7.1333,688000
2000-05-18,7.5,7.515625,7.1875,7.265625,6.881711,513600
2000-05-19,7.25,7.25,7.15625,7.15625,6.778115,407600
2000-05-22,7.15625,7.203125,6.984375,6.984375,6.615322,772400
2000-05-23,6.984375,7.171875,6.984375,7.140625,6.7633149999999995,624400
2000-05-24,8.0,8.015625,7.375,7.5,7.103702,3803600
2000-05-25,7.53125,7.6875,7.53125,7.609375,7.207296,1075200
2000-05-26,7.609375,7.609375,7.515625,7.515625,7.1185,584000
2000-05-30,7.53125,7.828125,7.53125,7.78125,7.370089999999999,850800
2000-05-31,7.78125,7.8125,7.765625,7.78125,7.370089999999999,764400
2000-06-01,7.8125,7.984375,7.796875,7.984375,7.562481,485200
2000-06-02,8.28125,8.296875,7.03125,7.6875,7.281294,4353200
2000-06-05,7.625,7.71875,7.40625,7.5,7.103702,1676000
2000-06-06,7.5625,7.609375,7.265625,7.4375,7.044503999999999,1103200
2000-06-07,7.46875,7.625,7.3125,7.59375,7.192498,1778400
2000-06-08,7.5625,7.734375,7.5,7.734375,7.325692,639600
2000-06-09,7.703125,7.90625,7.6875,7.859375,7.444087,936400
2000-06-12,7.875,7.875,7.34375,7.46875,7.074103,969600
2000-06-13,7.46875,7.46875,7.203125,7.34375,6.9557080000000004,886400
2000-06-14,7.3125,7.4375,7.125,7.4375,7.044503999999999,984400
2000-06-15,7.3125,7.375,7.1875,7.25,6.866911,1137200
2000-06-16,7.21875,7.234375,7.109375,7.203125,6.822512,883600
2000-06-19,7.234375,7.296875,7.234375,7.25,6.866911,531600
2000-06-20,7.3125,7.328125,7.203125,7.21875,6.837312,1123600
2000-06-21,7.21875,7.21875,7.15625,7.171875,6.792914,576000
2000-06-22,7.171875,7.171875,6.9375,6.953125,6.5857220000000005,1477600
2000-06-23,6.96875,6.984375,6.828125,6.96875,6.600522,666400
2000-06-26,6.984375,6.984375,6.78125,6.8125,6.452528,499200
2000-06-27,6.8125,7.046875,6.8125,6.9375,6.570924000000001,1252800
2000-06-28,6.984375,7.0625,6.890625,7.046875,6.674519,979600
2000-06-29,6.6875,6.90625,6.609375,6.640625,6.289735,2548000
2000-06-30,6.703125,7.125,6.640625,6.78125,6.422929,1870400
2000-07-03,6.796875,6.828125,6.71875,6.765625,6.40813,238000
2000-07-05,6.9375,7.046875,6.765625,6.984375,6.615322,1492800
2000-07-06,7.0,7.0,6.65625,6.953125,6.5857220000000005,1957600
2000-07-07,7.0,7.0625,6.96875,7.0,6.630121000000001,513600
2000-07-10,7.015625,7.015625,6.8125,6.890625,6.526525,1211200
2000-07-11,6.9375,6.953125,6.78125,6.78125,6.422929,523600
2000-07-12,6.828125,7.234375,6.828125,7.171875,6.792914,1070400
2000-07-13,7.1875,7.234375,7.046875,7.109375,6.7337169999999995,405200
2000-07-14,6.625,7.03125,6.5625,6.875,6.511726,2677200
2000-07-17,6.9375,7.15625,6.90625,7.078125,6.704117999999999,669200
2000-07-18,7.078125,7.109375,6.875,7.015625,6.644921000000001,696000
2000-07-19,6.9375,6.9375,6.703125,6.734375,6.378532,1103200
2000-07-20,6.78125,6.828125,6.6875,6.78125,6.422929,596800
2000-07-21,6.734375,6.90625,6.65625,6.875,6.511726,931200
2000-07-24,6.859375,7.0625,6.859375,6.921875,6.556125,841600
2000-07-25,6.953125,7.046875,6.875,6.875,6.511726,626800
2000-07-26,6.875,7.1875,6.8125,7.140625,6.7633149999999995,1017200
2000-07-27,7.171875,7.21875,6.9375,6.9375,6.570924000000001,551600
2000-07-28,6.890625,6.921875,6.640625,6.703125,6.348933000000001,897600
2000-07-31,6.734375,6.90625,6.734375,6.859375,6.496926,744400
2000-08-01,6.90625,6.96875,6.875,6.921875,6.556125,622000
2000-08-02,6.96875,7.03125,6.953125,6.953125,6.5857220000000005,857200
2000-08-03,7.0,7.09375,6.984375,6.984375,6.615322,767200
2000-08-04,6.796875,6.984375,6.796875,6.984375,6.615322,687600
2000-08-07,6.96875,7.03125,6.953125,7.015625,6.644921000000001,353600
2000-08-08,7.078125,7.125,6.984375,7.0625,6.689319,1265600
2000-08-09,7.03125,7.078125,6.890625,6.921875,6.556125,898000
2000-08-10,6.9375,6.96875,6.828125,6.921875,6.556125,802800
2000-08-11,6.890625,6.9375,6.796875,6.9375,6.570924000000001,819200
2000-08-14,6.9375,6.9375,6.84375,6.859375,6.496926,234800
2000-08-15,6.828125,6.828125,6.65625,6.8125,6.452528,687600
2000-08-16,6.6875,6.75,6.578125,6.75,6.393330000000001,370000
2000-08-17,6.734375,6.734375,6.46875,6.609375,6.260136,849600
2000-08-18,6.65625,6.65625,6.515625,6.609375,6.260136,552000
2000-08-21,6.625,6.671875,6.5625,6.578125,6.230537,371200
2000-08-22,6.5625,6.578125,6.46875,6.5625,6.215739,507200
2000-08-23,6.53125,6.53125,6.421875,6.46875,6.126942,550000
2000-08-24,6.40625,6.515625,6.359375,6.484375,6.141741000000001,670400
2000-08-25,6.53125,6.671875,6.46875,6.609375,6.260136,822400
2000-08-28,6.546875,6.640625,6.4375,6.453125,6.112143,342000
2000-08-29,6.390625,6.453125,6.375,6.453125,6.112143,373600
2000-08-30,6.4375,6.4375,6.359375,6.40625,6.067744,409200
2000-08-31,6.421875,6.546875,6.40625,6.5,6.156540000000001,384800
2000-09-01,6.515625,6.53125,6.453125,6.453125,6.112143,451200
2000-09-05,6.46875,6.59375,6.453125,6.59375,6.245337,338000
2000-09-06,6.59375,6.703125,6.59375,6.640625,6.289735,396000
2000-09-07,6.59375,6.609375,6.4375,6.5,6.156540000000001,284000
2000-09-08,6.515625,6.578125,6.453125,6.5,6.156540000000001,661200
2000-09-11,6.5,6.5625,6.328125,6.359375,6.023346,2989600
2000-09-12,6.375,6.390625,6.265625,6.34375,6.008546,542000
2000-09-13,6.3125,6.453125,6.3125,6.421875,6.082544,517200
2000-09-14,6.453125,6.46875,6.28125,6.34375,6.008546,279600
2000-09-15,6.28125,6.390625,6.28125,6.390625,6.052944999999999,625200
2000-09-18,6.359375,6.40625,6.125,6.1875,5.8605529999999995,1566800
2000-09-19,6.1875,6.1875,5.921875,6.0625,5.742159,1216800
2000-09-20,5.96875,6.046875,5.90625,5.984375,5.668159999999999,651200
2000-09-21,6.015625,6.109375,5.828125,5.953125,5.6385629999999995,608000
2000-09-22,5.9375,6.0,5.78125,5.984375,5.668159999999999,745600
2000-09-25,6.015625,6.109375,5.984375,6.078125,5.756958,1450800
2000-09-26,6.03125,6.046875,5.859375,5.90625,5.594166,383600
2000-09-27,5.890625,5.984375,5.828125,5.90625,5.594166,462000
2000-09-28,5.890625,6.0625,5.84375,6.0625,5.742159,499200
2000-09-29,5.984375,6.015625,5.8125,6.0,5.682961,890000
2000-10-02,5.96875,5.96875,5.828125,5.84375,5.534968,271200
2000-10-03,5.875,6.015625,5.875,5.96875,5.653362,480800
2000-10-04,5.96875,6.25,5.96875,6.125,5.801355,1278800
2000-10-05,6.1875,6.5,6.1875,6.34375,6.008546,914400
2000-10-06,6.34375,6.390625,6.0,6.0625,5.742159,937200
2000-10-09,6.078125,6.1875,6.0,6.171875,5.845754,762400
2000-10-10,6.171875,6.265625,6.15625,6.15625,5.830955,393600
2000-10-11,5.625,5.640625,5.296875,5.296875,5.01699,2043200
2000-10-12,5.5,5.5,5.203125,5.34375,5.061387,1442800
2000-10-13,5.3125,5.40625,5.25,5.375,5.090986,856000
2000-10-16,5.375,5.40625,5.15625,5.28125,5.0021889999999996,428800
2000-10-17,5.28125,5.359375,5.0,5.25,4.972591,1423200
2000-10-18,5.125,5.25,4.875,5.234375,4.957791,2388400
2000-10-19,5.234375,5.515625,5.234375,5.5,5.209381,1005200
2000-10-20,5.4375,5.453125,5.09375,5.1875,4.913394,2907600
2000-10-23,5.203125,5.5,5.171875,5.453125,5.164983,2096400
2000-10-24,5.46875,5.484375,5.40625,5.453125,5.164983,1011600
2000-10-25,5.4375,5.5,5.375,5.421875,5.135383999999999,537600
2000-10-26,5.46875,5.734375,5.359375,5.578125,5.283377,1216400
2000-10-27,5.5625,6.234375,5.53125,6.15625,5.830955,2166800
2000-10-30,6.15625,6.5625,6.0625,6.515625,6.171341,1111200
2000-10-31,6.515625,6.53125,6.453125,6.484375,6.141741000000001,673200
2000-11-01,6.546875,6.859375,6.53125,6.703125,6.348933000000001,695600
2000-11-02,6.703125,6.703125,6.515625,6.625,6.274936,695200
2000-11-03,6.625,6.671875,6.484375,6.640625,6.289735,531200
2000-11-06,6.671875,6.734375,6.609375,6.703125,6.348933000000001,631200
2000-11-07,6.671875,6.703125,6.359375,6.59375,6.245337,616800
2000-11-08,6.59375,6.703125,6.53125,6.640625,6.289735,598400
2000-11-09,6.640625,6.640625,6.546875,6.578125,6.230537,971600
2000-11-10,6.5625,6.5625,6.390625,6.46875,6.126942,316800
2000-11-13,6.4375,6.8125,6.4375,6.78125,6.422929,722000
2000-11-14,6.828125,6.90625,6.734375,6.796875,6.437728,634000
2000-11-15,6.828125,7.0,6.828125,6.984375,6.615322,666400
2000-11-16,6.953125,6.953125,6.765625,6.875,6.511726,314000
2000-11-17,6.9375,7.15625,6.90625,7.15625,6.778115,814000
2000-11-20,7.1875,7.25,7.1875,7.234375,6.852111,1009200
2000-11-21,7.171875,7.28125,7.171875,7.25,6.866911,564400
2000-11-22,7.234375,7.234375,7.0625,7.078125,6.704117999999999,726800
2000-11-24,7.125,7.25,7.125,7.25,6.866911,218000
2000-11-27,7.25,7.25,7.09375,7.125,6.748516,372400
2000-11-28,6.875,7.03125,6.84375,6.984375,6.615322,798800
2000-11-29,7.0,7.078125,6.859375,7.03125,6.659721,480400
2000-11-30,7.03125,7.046875,6.90625,6.984375,6.615322,513200
2000-12-01,6.953125,7.0,6.90625,6.984375,6.615322,274800
2000-12-04,6.9375,6.9375,6.703125,6.796875,6.437728,412400
2000-12-05,6.8125,7.140625,6.765625,7.140625,6.7633149999999995,619200
2000-12-06,7.046875,7.125,6.84375,6.9375,6.570924000000001,806800
2000-12-07,6.828125,6.828125,6.515625,6.546875,6.200939,1554800
2000-12-08,6.546875,6.796875,6.53125,6.6875,6.334134,1944800
2000-12-11,6.703125,7.21875,6.671875,7.203125,6.822512,904000
2000-12-12,7.1875,7.25,6.96875,6.984375,6.615322,559200
2000-12-13,6.984375,7.140625,6.828125,6.859375,6.496926,532000
2000-12-14,6.84375,6.875,6.515625,6.515625,6.171341,1507600
2000-12-15,6.4375,6.5,6.4375,6.46875,6.126942,931600
2000-12-18,6.46875,6.5,6.34375,6.4375,6.097342,1045200
2000-12-19,6.40625,6.484375,6.390625,6.46875,6.126942,886000
2000-12-20,6.4375,6.4375,6.078125,6.28125,5.949349,913200
2000-12-21,6.25,6.484375,6.25,6.484375,6.141741000000001,645600
2000-12-22,6.46875,6.546875,6.421875,6.515625,6.171341,457200
2000-12-26,6.5,6.59375,6.5,6.546875,6.200939,441200
2000-12-27,6.515625,6.828125,6.515625,6.6875,6.334134,407200
2000-12-28,6.6875,7.09375,6.6875,7.09375,6.7189179999999995,816800
2000-12-29,7.09375,7.9375,7.09375,7.4375,7.044503999999999,1756800
2001-01-02,7.375,7.46875,7.25,7.390625,7.000106,656000
2001-01-03,7.359375,8.0,7.359375,7.984375,7.562481,1371600
2001-01-04,7.90625,8.5,7.90625,8.5,8.05086,2179600
2001-01-05,8.5,8.515625,8.328125,8.453125,8.006461999999999,1447200
2001-01-08,8.5,8.8125,8.359375,8.46875,8.021263000000001,1600400
2001-01-09,8.1875,8.1875,7.703125,7.734375,7.325692,2403200
2001-01-10,7.71875,7.71875,7.53125,7.71875,7.310892,936800
2001-01-11,7.734375,7.8125,7.484375,7.546875,7.148099,826800
2001-01-12,7.546875,7.5625,7.3125,7.46875,7.074103,1048400
2001-01-16,7.484375,7.5,7.421875,7.5,7.103702,465200
2001-01-17,7.46875,7.484375,7.328125,7.375,6.985306,310800
2001-01-18,7.375,7.5,7.296875,7.453125,7.059303999999999,512800
2001-01-19,7.4375,7.5,7.40625,7.5,7.103702,694800
2001-01-22,7.4375,7.609375,7.375,7.578125,7.1776979999999995,498000
2001-01-23,7.578125,8.046875,7.53125,8.046875,7.6216800000000005,1103200
2001-01-24,8.015625,8.09375,7.625,7.625,7.2220960000000005,474000
2001-01-25,7.59375,7.984375,7.59375,7.890625,7.473686,412800
2001-01-26,7.640625,7.796875,7.578125,7.59375,7.192498,682000
2001-01-29,7.6,7.83,7.59,7.8,7.387849,500400
2001-01-30,7.8375,7.95,7.7625,7.95,7.529922999999999,333200
2001-01-31,7.9375,8.15,7.9375,8.085,7.657789,614400
2001-02-01,8.075,8.0875,7.9,7.995,7.572546000000001,342800
2001-02-02,7.995,8.1575,7.975,8.075,7.648319,520400
2001-02-05,8.1125,8.25,8.095,8.22,7.7856559999999995,471200
2001-02-06,8.1875,8.4125,8.1875,8.3275,7.887478,597600
2001-02-07,8.275,8.3225,8.25,8.29,7.851959,297600
2001-02-08,8.2375,8.25,7.9875,8.12,7.690939999999999,352400
2001-02-09,8.1,8.1,7.915,7.965,7.544132,283200
2001-02-12,7.925,8.0725,7.9175,7.975,7.553601,283200
2001-02-13,7.975,7.9875,7.91,7.9625,7.541763,244400
2001-02-14,7.96,7.96,7.9125,7.9325,7.513348,281200
2001-02-15,7.9,7.9125,7.725,7.8,7.387849,1098000
2001-02-16,7.75,7.7625,7.5375,7.615,7.212624000000001,680000
2001-02-20,7.6125,7.635,7.2475,7.25,6.866911,889600
2001-02-21,7.2875,7.3725,7.25,7.28,6.895325,752800
2001-02-22,7.2775,7.2775,7.1,7.2125,6.831392999999999,1023600
2001-02-23,7.2125,7.2125,7.015,7.125,6.748516,530400
2001-02-26,7.1125,7.4,7.1125,7.3975,7.006616,566000
2001-02-27,7.3875,7.3875,7.1875,7.255,6.871646000000001,411600
2001-02-28,7.255,7.35,7.035,7.145,6.767459,556400
2001-03-01,7.025,7.0275,6.6,6.825,6.464367,1275200
2001-03-02,6.775,7.0975,6.75,7.06,6.68695,624000
2001-03-05,7.06,7.06,6.9125,6.965,6.596971000000001,1010800
2001-03-06,6.9875,7.025,6.8625,7.025,6.6538,1748800
2001-03-07,7.0,7.0625,6.9,7.06,6.68695,585600
2001-03-08,7.06,7.25,7.055,7.2125,6.831392999999999,712800
2001-03-09,7.1625,7.1625,7.0625,7.1125,6.736677,601200
2001-03-12,7.075,7.1225,7.0,7.0,6.630121000000001,607200
2001-03-13,6.875,7.095,6.8625,7.095,6.7201,1092000
2001-03-14,7.0325,7.0325,6.85,6.9375,6.570924000000001,1005200
2001-03-15,6.875,6.9625,6.875,6.9,6.535405,375600
2001-03-16,6.8375,6.8625,6.6625,6.6725,6.319925,951600
2001-03-19,6.6725,6.6875,6.4125,6.4375,6.097342,1908000
2001-03-20,6.5,6.5375,6.475,6.49,6.147069,1131200
2001-03-21,6.4375,6.5,6.325,6.37,6.03341,527600
2001-03-22,6.375,6.375,6.1,6.2625,5.931591,522800
2001-03-23,6.325,6.3875,6.2875,6.3875,6.0499849999999995,855600
2001-03-26,6.3375,6.6275,6.335,6.575,6.227576,1237600
2001-03-27,6.625,6.625,6.425,6.5375,6.1920589999999995,797200
2001-03-28,6.5375,6.5375,6.35,6.455,6.113919999999999,340400
2001-03-29,6.455,6.565,6.3075,6.3625,6.026306,503200
2001-03-30,6.3125,6.4675,6.3125,6.425,6.085504,556000
2001-04-02,6.425,6.4625,6.26,6.3125,5.978949,969600
2001-04-03,6.275,6.295,6.1875,6.2775,5.945798,847200
2001-04-04,6.2775,6.4,6.225,6.3725,6.035778,720000
2001-04-05,6.425,6.5,6.3625,6.4875,6.144702,459200
2001-04-06,6.4375,6.4375,6.24,6.275,5.94343,561200
2001-04-09,6.2875,6.4025,6.15,6.255,5.924487999999999,740000
2001-04-10,6.275,6.6325,6.25,6.5525,6.2062669999999995,502400
2001-04-11,6.6,6.6,6.3875,6.525,6.1802209999999995,408000
2001-04-12,6.5,6.575,6.35,6.5125,6.16838,430800
2001-04-16,6.55,6.6,6.4625,6.53,6.184956,430000
2001-04-17,6.55,6.6625,6.5075,6.6375,6.286773999999999,399200
2001-04-18,6.7175,7.0475,6.675,6.775,6.417008999999999,730800
2001-04-19,6.925,7.05,6.6625,6.9975,6.627752,916400
2001-04-20,6.975,6.975,6.7,6.8425,6.480943,302400
2001-04-23,6.78,6.8,6.65,6.75,6.393330000000001,1098400
2001-04-24,6.7375,6.7425,6.675,6.705,6.350708,426400
2001-04-25,6.705,6.8125,6.69,6.7475,6.390963,617200
2001-04-26,6.7375,6.975,6.7175,6.875,6.511726,1072400
2001-04-27,6.8775,7.125,6.8775,7.0725,6.69879,540800
2001-04-30,7.0725,7.23,7.0375,7.0375,6.66564,572800
2001-05-01,7.04,7.04,6.9775,6.985,6.615912,432800
2001-05-02,6.985,7.0775,6.95,7.0475,6.675111,478800
2001-05-03,7.05,7.13,6.865,7.1,6.724837,353600
2001-05-04,7.1,7.1575,7.0,7.155,6.776932,534800
2001-05-07,7.155,7.35,7.15,7.25,6.866911,622000
2001-05-08,7.2125,7.25,7.05,7.175,6.795875,502000
2001-05-09,7.225,7.3625,7.1575,7.1625,6.784035,259200
2001-05-10,7.25,7.25,7.13,7.1925,6.812449000000001,187600
2001-05-11,7.195,7.195,7.0225,7.1175,6.7414119999999995,311200
2001-05-14,7.115,7.155,7.0625,7.1425,6.765091,147200
2001-05-15,7.1425,7.1425,6.7875,6.8725,6.509357,1004800
2001-05-16,6.875,7.0,6.8625,6.985,6.615912,413600
2001-05-17,7.025,7.175,7.0225,7.175,6.795875,609200
2001-05-18,7.125,7.245,7.12,7.15,6.772195,263200
2001-05-21,7.175,7.225,7.1575,7.1975,6.817183999999999,193600
2001-05-22,7.1975,7.375,7.165,7.3675,6.9782020000000005,629200
2001-05-23,7.37,7.375,7.1875,7.22,6.838496000000001,358400
2001-05-24,7.1625,7.22,7.0625,7.15,6.772195,246400
2001-05-25,7.15,7.2,7.09,7.1925,6.812449000000001,262000
2001-05-29,7.175,7.275,7.045,7.225,6.843232,299600
2001-05-30,7.2275,7.2275,7.065,7.1075,6.731941,214000
2001-05-31,7.15,7.2125,7.075,7.1825,6.8029779999999995,270000
2001-06-01,7.15,7.15,6.99,7.005,6.634857000000001,477600
2001-06-04,6.975,7.05,6.975,7.0225,6.651432000000001,178000
2001-06-05,7.0,7.09,6.925,7.065,6.691687,648800
2001-06-06,7.05,7.0675,7.0025,7.005,6.634857000000001,232400
2001-06-07,6.9625,7.025,6.9625,6.9875,6.618281,384400
2001-06-08,6.9875,7.0575,6.9625,6.995,6.625386,445200
2001-06-11,6.975,7.0125,6.9725,6.9725,6.604075,300800
2001-06-12,6.9375,6.95,6.79,6.825,6.464367,281200
2001-06-13,6.8125,6.9525,6.8125,6.9275,6.561450999999999,178400
2001-06-14,6.9175,6.92,6.8725,6.8725,6.509357,451600
2001-06-15,6.8125,6.8625,6.705,6.705,6.350708,438000
2001-06-18,6.7625,6.8225,6.7,6.79,6.431218,255200
2001-06-19,6.7625,6.775,6.635,6.665,6.312822,415200
2001-06-20,6.6125,6.6125,6.5,6.54,6.194426999999999,546400
2001-06-21,6.5,6.6325,6.4875,6.575,6.227576,540400
2001-06-22,6.575,6.6575,6.5125,6.61,6.260728,275600
2001-06-25,6.9375,6.9375,6.45,6.4575,6.116286,1088000
2001-06-26,6.35,6.59,6.35,6.565,6.218107,476000
2001-06-27,6.5675,6.8875,6.5675,6.865,6.502254,589600
2001-06-28,6.865,7.0375,6.86,6.955,6.587499,714800
2001-06-29,6.9375,7.225,6.9225,7.225,6.843232,622800
2001-07-02,7.1625,7.2625,7.1,7.2,6.819552000000001,598800
2001-07-03,7.1875,7.235,7.14,7.17,6.791139,203600
2001-07-05,7.1375,7.175,7.075,7.1625,6.784035,268000
2001-07-06,7.1625,7.1625,7.0325,7.05,6.677478999999999,342000
2001-07-09,7.05,7.25,7.0375,7.15,6.772195,350800
2001-07-10,7.275,7.4525,7.2625,7.325,6.937947,970800
2001-07-11,7.3125,7.4,7.275,7.35,6.961627,612800
2001-07-12,7.355,7.4975,7.33,7.495,7.098965,746800
2001-07-13,7.4625,7.6825,7.4375,7.6825,7.276557,502800
2001-07-16,7.6825,7.875,7.6825,7.8275,7.413896,1522800
2001-07-17,7.8275,7.875,7.8125,7.83,7.416264999999999,907200
2001-07-18,7.8125,7.8275,7.63,7.6525,7.248142999999999,1230000
2001-07-19,7.7,7.9075,7.675,7.7,7.293133,1346400
2001-07-20,7.7,8.025,7.68,7.8875,7.470725999999999,1033200
2001-07-23,7.95,8.1,7.76,7.7875,7.376009,878000
2001-07-24,7.795,7.9675,7.66,7.695,7.288398,1036800
2001-07-25,7.65,7.8125,7.6225,7.7,7.293133,494000
2001-07-26,7.7,7.75,7.62,7.7175,7.3097080000000005,378000
2001-07-27,7.7375,7.7825,7.625,7.66,7.2552460000000005,605200
2001-07-30,7.6875,7.7875,7.6,7.645,7.241039,343200
2001-07-31,7.645,7.955,7.645,7.91,7.492037,690000
2001-08-01,7.9125,8.125,7.9,8.0375,7.6128,586400
2001-08-02,8.0375,8.05,7.9375,8.015,7.591488000000001,605200
2001-08-03,8.025,8.025,7.9125,7.955,7.5346589999999996,380000
2001-08-06,7.975,8.0375,7.905,8.0,7.577281,388000
2001-08-07,8.0,8.0,7.9125,7.96,7.539395,253200
2001-08-08,8.0,8.065,7.975,8.025,7.600960000000001,495600
2001-08-09,8.0375,8.05,7.99,8.0275,7.603328,577600
2001-08-10,8.0275,8.1875,7.9775,8.12,7.690939999999999,633200
2001-08-13,8.1125,8.12,8.0,8.1,7.671997999999999,390800
2001-08-14,8.1125,8.3,8.0875,8.1925,7.759608999999999,627600
2001-08-15,8.1875,8.2725,8.1525,8.25,7.814072,518000
2001-08-16,8.2525,8.415,8.25,8.3875,7.944307000000001,444800
2001-08-17,8.35,8.35,8.225,8.25,7.814072,529600
2001-08-20,8.1625,8.1625,8.025,8.055,7.629375,748400
2001-08-21,8.075,8.0875,7.9625,7.995,7.572546000000001,832400
2001-08-22,8.005,8.15,7.9875,8.105,7.6767330000000005,533200
2001-08-23,8.1,8.1625,8.095,8.1,7.671997999999999,222400
2001-08-24,8.1,8.285,8.025,8.2525,7.816441,588800
2001-08-27,8.2375,8.2375,8.125,8.125,7.695676,228800
2001-08-28,8.175,8.3775,8.06,8.0925,7.664892999999999,1002800
2001-08-29,8.0925,8.1175,7.9925,8.0175,7.593857000000001,576400
2001-08-30,7.9875,8.0975,7.9375,8.0475,7.622269999999999,481200
2001-08-31,8.025,8.21,7.92,8.16,7.728827000000001,318800
2001-09-04,8.15,8.205,8.1,8.135,7.7051490000000005,451600
2001-09-05,8.125,8.135,7.99,8.0825,7.655422,608800
2001-09-06,7.95,8.0,7.85,7.895,7.477828999999999,935200
2001-09-07,7.875,7.875,7.545,7.65,7.245775,2224000
2001-09-10,7.6,7.65,7.475,7.5875,7.186578,691200
2001-09-17,5.5625,5.75,5.2125,5.42,5.133609,4160000
2001-09-18,5.5375,5.6125,5.0625,5.3,5.0199489999999996,2839200
2001-09-19,5.3625,5.3875,4.9375,5.165,4.892082,1354000
2001-09-20,5.0,5.0,4.7,4.775,4.522689,2292000
2001-09-21,4.55,4.6875,4.425,4.52,4.2811639999999995,1707600
2001-09-24,4.675,4.8625,4.625,4.7125,4.463493,2326400
2001-09-25,4.72,4.7225,4.5025,4.535,4.295371,2285200
2001-09-26,4.5325,4.5325,4.4375,4.45,4.214862,802400
2001-09-27,4.4875,4.4875,4.35,4.425,4.1911830000000005,1656000
2001-09-28,4.4875,4.9925,4.445,4.9925,4.728697,2236000
2001-10-01,4.9925,5.0375,4.8725,4.95,4.688443,1348800
2001-10-02,5.025,5.35,5.025,5.29,5.010477,1854800
2001-10-03,5.3,5.775,5.3,5.75,5.4461699999999995,1501600
2001-10-04,5.775,5.975,5.56,5.6175,5.320673,1334400
2001-10-05,5.6,5.7125,5.3625,5.4375,5.150183,677200
2001-10-08,5.44,5.4825,5.15,5.2925,5.012844,705200
2001-10-09,5.2925,5.305,5.1625,5.225,4.948912,392000
2001-10-10,5.225,5.4875,5.225,5.4775,5.18807,868800
2001-10-11,5.5625,5.76,5.5575,5.735,5.431963,826400
2001-10-12,5.75,5.75,5.25,5.25,4.972591,1713200
2001-10-15,5.3,5.4125,5.25,5.3625,5.079147,1170400
2001-10-16,5.38,5.46,5.3,5.4025,5.117033,395600
2001-10-17,5.4125,5.425,4.975,5.02,4.754745,854000
2001-10-18,5.25,5.25,4.815,4.9275,4.6671309999999995,1246400
2001-10-19,5.1375,5.18,4.95,5.1175,4.847091000000001,3152800
2001-10-22,5.1375,5.525,5.1375,5.4675,5.178598,1158800
2001-10-23,5.5025,5.9125,5.5025,5.875,5.564567,2724400
2001-10-24,5.875,5.95,5.7225,5.775,5.46985,1856000
2001-10-25,5.7625,5.8225,5.7125,5.7875,5.481689,1952400
2001-10-26,5.8,5.995,5.7875,5.975,5.659281,1270000
2001-10-29,5.975,6.0625,5.875,6.0,5.682961,1086800
2001-10-30,5.975,6.0625,5.875,6.04,5.720847,1317600
2001-10-31,6.125,6.1425,6.025,6.1,5.777678,1284400
2001-11-01,6.0825,6.18,5.99,6.1725,5.846347,763200
2001-11-02,6.1875,6.245,6.05,6.1875,5.8605529999999995,824000
2001-11-05,6.1375,6.3325,6.1375,6.2875,5.95527,921600
2001-11-06,6.2875,6.36,6.1625,6.3375,6.0026269999999995,1132400
2001-11-07,6.32,6.6225,6.2875,6.6125,6.263096,1160800
2001-11-08,6.6125,6.825,6.605,6.6775,6.324662,2442000
2001-11-09,6.6375,6.665,6.295,6.3825,6.04525,1524400
2001-11-12,6.3825,6.3825,6.0,6.3,5.967109,3286400
2001-11-13,6.425,6.7125,6.425,6.7,6.345973000000001,1357200
2001-11-14,6.7,7.1,6.7,6.9,6.535405,2326000
2001-11-15,6.8625,7.1875,6.6575,6.7275,6.37202,3290400
2001-11-16,6.525,6.725,6.4125,6.6175,6.267832,2697200
2001-11-19,6.7125,7.0775,6.675,7.075,6.701158,1328800
2001-11-20,7.0575,7.0575,6.875,6.975,6.6064419999999995,1336800
2001-11-21,7.025,7.0625,6.775,7.0625,6.689319,1045200
2001-11-23,7.075,7.4775,7.075,7.4025,7.011353,1159600
2001-11-26,7.4125,7.45,7.15,7.2725,6.888223,1447200
2001-11-27,7.2875,7.35,7.0325,7.055,6.682214,2140800
2001-11-28,7.0,7.0,6.825,6.895,6.5306690000000005,1417600
2001-11-29,7.05,7.28,6.975,7.275,6.8905899999999995,2052000
2001-11-30,7.2875,7.3375,7.1625,7.1625,6.784035,1654400
2001-12-03,7.2,7.2675,7.0375,7.1775,6.798241,1358000
2001-12-04,7.1875,7.19,7.1175,7.175,6.795875,1372000
2001-12-05,7.2375,7.45,7.2125,7.365,6.975834,1922800
2001-12-06,7.3725,7.555,7.265,7.3375,6.949788000000001,1876000
2001-12-07,7.4,7.675,7.355,7.6225,7.219728,1322400
2001-12-10,7.6225,7.775,7.32,7.3825,6.9924100000000005,999600
2001-12-11,7.3875,7.4925,7.32,7.3625,6.973466999999999,721600
2001-12-12,7.3625,7.525,7.355,7.525,7.1273800000000005,430000
2001-12-13,7.475,7.4925,7.37,7.44,7.0468720000000005,1174000
2001-12-14,7.4975,7.55,7.2875,7.375,6.985306,802400
2001-12-17,7.4,7.425,7.0375,7.1475,6.7698279999999995,1172800
2001-12-18,7.2,7.3725,7.0375,7.3725,6.982938000000001,1102400
2001-12-19,7.3625,7.5125,7.22,7.325,6.937947,933200
2001-12-20,7.325,7.4875,7.1625,7.1625,6.784035,737200
2001-12-21,7.225,7.5625,7.2125,7.5525,7.153427000000001,1199600
2001-12-24,7.5125,7.515,7.07,7.235,6.852703999999999,706800
2001-12-26,7.1375,7.3225,7.05,7.06,6.68695,988400
2001-12-27,7.075,7.235,7.075,7.19,6.810080999999999,914800
2001-12-28,7.225,7.3825,7.15,7.33,6.942684,425200
2001-12-31,7.3125,7.435,7.275,7.275,6.8905899999999995,532000
2002-01-02,7.2875,7.3325,7.025,7.2425,6.859808,798400
2002-01-03,7.25,7.5,7.2125,7.5,7.103702,1114800
2002-01-04,7.525,8.0,7.5075,7.9725,7.551235,1569200
2002-01-07,7.95,7.975,7.8025,7.8375,7.423367999999999,644800
2002-01-08,7.95,8.0675,7.8,7.8875,7.470725999999999,1022400
2002-01-09,7.8925,8.0625,7.8875,7.95,7.529922999999999,1302800
2002-01-10,7.9275,7.995,7.815,7.85,7.435207000000001,1141600
2002-01-11,7.825,7.8625,7.525,7.6025,7.200785000000001,902000
2002-01-14,7.6025,7.6025,7.2975,7.325,6.937947,758000
2002-01-15,7.455,7.745,7.455,7.6975,7.2907660000000005,973600
2002-01-16,7.6975,7.7875,7.5525,7.6075,7.205521000000001,946000
2002-01-17,7.61,7.61,7.3,7.4,7.008986,1130400
2002-01-18,7.35,7.53,7.325,7.35,6.961627,813200
2002-01-22,7.4125,7.4575,7.0375,7.1625,6.784035,1040400
2002-01-23,7.2125,7.67,7.1,7.67,7.264717999999999,1343600
2002-01-24,7.6275,7.695,7.5375,7.6075,7.205521000000001,748800
2002-01-25,7.4,7.74,7.2625,7.7175,7.3097080000000005,1064800
2002-01-28,7.7175,7.775,7.6,7.7125,7.3049729999999995,563600
2002-01-29,7.7675,7.8375,7.4725,7.575,7.174739,769600
2002-01-30,7.55,7.725,7.35,7.7225,7.314445,892800
2002-01-31,7.7375,7.8,7.6,7.665,7.259983,696000
2002-02-01,7.7,7.7675,7.65,7.71,7.302605000000001,650800
2002-02-04,7.6875,7.6875,7.23,7.3975,7.006616,796800
2002-02-05,7.3975,7.5675,7.285,7.49,7.0942300000000005,846800
2002-02-06,7.49,7.55,7.1875,7.195,6.814817999999999,707200
2002-02-07,7.275,7.305,7.0925,7.0925,6.717733,669600
2002-02-08,7.125,7.3125,7.125,7.305,6.919005,644800
2002-02-11,7.2875,7.37,7.225,7.2675,6.883485,776800
2002-02-12,7.25,7.43,7.195,7.35,6.961627,746800
2002-02-13,7.3625,7.37,7.145,7.18,6.800610000000001,640000
2002-02-14,7.1175,7.305,6.9875,6.9925,6.623016000000001,1014400
2002-02-15,6.9925,7.2425,6.9875,7.2075,6.826657000000001,397600
2002-02-19,7.2,7.2825,7.1625,7.1975,6.817183999999999,415600
2002-02-20,7.375,7.5,7.3,7.485,7.089494999999999,961200
2002-02-21,7.485,7.8325,7.485,7.745,7.335755000000001,1234800
2002-02-22,7.7475,7.7475,7.5,7.575,7.174739,715200
2002-02-25,7.5375,7.8,7.5375,7.68,7.274189,470400
2002-02-26,7.6875,7.8725,7.6875,7.8025,7.390217,427200
2002-02-27,7.865,7.9975,7.865,7.9925,7.570177,500800
2002-02-28,8.0125,8.0725,7.7625,7.7625,7.3523309999999995,1372000
2002-03-01,7.8,8.03,7.7625,8.0275,7.603328,476800
2002-03-04,8.0625,8.375,8.0175,8.3625,7.9206259999999995,1624400
2002-03-05,8.2875,8.3175,7.875,7.875,7.458887,1316000
2002-03-06,7.925,8.3375,7.925,8.3125,7.8732690000000005,661600
2002-03-07,8.31,8.31,8.075,8.1,7.671997999999999,706000
2002-03-08,8.1625,8.375,8.145,8.3025,7.863797999999999,575600
2002-03-11,8.3125,8.435,8.155,8.4,7.956142999999999,830400
2002-03-12,8.2875,8.37,8.225,8.35,7.908788,621600
2002-03-13,8.35,8.36,8.2125,8.2575,7.821175,1037600
2002-03-14,8.25,8.325,8.145,8.275,7.8377490000000005,765600
2002-03-15,8.255,8.4225,8.255,8.35,7.908788,641600
2002-03-18,8.425,8.475,8.3575,8.4325,7.986928,708400
2002-03-19,8.4325,8.45,8.1875,8.2125,7.778553,1730400
2002-03-20,8.1625,8.185,8.0025,8.1,7.671997999999999,1136400
2002-03-21,8.1125,8.175,7.8525,7.95,7.529922999999999,1219600
2002-03-22,7.95,8.2325,7.8925,8.1375,7.707514999999999,856400
2002-03-25,8.1375,8.15,7.825,7.845,7.430472,1626400
2002-03-26,7.845,8.2625,7.845,8.25,7.814072,816400
2002-03-27,8.2,8.3975,8.0925,8.2375,7.802233,1297600
2002-03-28,8.22,8.38,8.195,8.3225,7.882739,532800
2002-04-01,8.3,8.3075,8.05,8.15,7.719353999999999,561600
2002-04-02,7.9875,8.025,7.7125,7.7125,7.3049729999999995,785600
2002-04-03,7.825,7.95,7.6225,7.65,7.245775,802400
2002-04-04,7.65,7.8,7.6475,7.7375,7.328651,1375600
2002-04-05,7.7375,7.9375,7.6875,7.775,7.364171000000001,750800
2002-04-08,7.5875,7.7625,7.55,7.73,7.321548,698000
2002-04-09,7.825,7.875,7.75,7.7725,7.361802000000001,543200
2002-04-10,7.775,8.0125,7.775,8.0,7.577281,627600
2002-04-11,8.0225,8.085,7.8,7.8,7.387849,500000
2002-04-12,7.8625,8.0825,7.8625,8.0825,7.655422,1261600
2002-04-15,8.145,8.2125,7.8175,7.8475,7.432838,524000
2002-04-16,7.85,8.05,7.85,8.0125,7.589119999999999,656000
2002-04-17,8.0375,8.0675,7.875,7.8875,7.470725999999999,450000
2002-04-18,7.925,7.95,7.5475,7.725,7.316813000000001,658400
2002-04-19,7.7875,7.875,7.75,7.815,7.402057000000001,450000
2002-04-22,7.815,7.8225,7.6825,7.75,7.340489999999999,702400
2002-04-23,7.7375,7.8375,7.525,7.7125,7.3049729999999995,758800
2002-04-24,7.875,7.925,7.7375,7.76,7.349963000000001,1010000
2002-04-25,7.76,7.775,7.61,7.6875,7.281294,579600
2002-04-26,7.6375,7.825,7.6375,7.7,7.293133,418400
2002-04-29,7.725,7.81,7.505,7.5425,7.143955,362000
2002-04-30,7.5425,7.7,7.4775,7.6575,7.252878999999999,499200
2002-05-01,7.6575,7.7,7.5525,7.695,7.288398,779200
2002-05-02,7.7,7.77,7.565,7.6475,7.243407,536800
2002-05-03,7.6625,7.665,7.4375,7.4925,7.096597999999999,546400
2002-05-06,7.4925,7.52,7.325,7.38,6.990042,523600
2002-05-07,7.38,7.425,7.2,7.25,6.866911,690800
2002-05-08,7.295,7.3125,7.1875,7.2675,6.883485,1236400
2002-05-09,7.275,7.275,7.105,7.1225,6.746148,533200
2002-05-10,7.125,7.1375,6.7775,6.7975,6.43832,588400
2002-05-13,6.9125,6.9925,6.745,6.94,6.573291,1304000
2002-05-14,6.955,7.2425,6.95,7.2125,6.831392999999999,475200
2002-05-15,7.2125,7.2625,7.125,7.235,6.852703999999999,864800
2002-05-16,7.2475,7.2975,7.0875,7.1125,6.736677,362400
2002-05-17,7.175,7.245,7.145,7.2325,6.850336,522000
2002-05-20,7.095,7.2025,7.075,7.13,6.753252000000001,669600
2002-05-21,7.225,7.25,7.0425,7.0675,6.6940550000000005,761600
2002-05-22,7.075,7.1175,7.0325,7.0575,6.684583,421600
2002-05-23,7.06,7.125,6.9375,7.0925,6.717733,459200
2002-05-24,7.0925,7.25,7.0575,7.075,6.701158,402000
2002-05-28,7.08,7.125,7.0,7.075,6.701158,395200
2002-05-29,7.075,7.1,7.0275,7.0425,6.670375999999999,516000
2002-05-30,6.98,6.995,6.86,6.925,6.5590839999999995,535600
2002-05-31,6.925,7.075,6.9125,6.9625,6.594602,552000
2002-06-03,6.95,6.95,6.755,6.755,6.398067,724400
2002-06-04,6.75,6.7525,6.3475,6.5525,6.2062669999999995,742800
2002-06-05,6.475,6.5925,6.465,6.5625,6.215739,1015600
2002-06-06,6.585,6.6125,6.525,6.59,6.241786,702400
2002-06-07,6.575,6.6025,6.4625,6.525,6.1802209999999995,893200
2002-06-10,6.525,6.79,6.525,6.78,6.421746,586400
2002-06-11,6.79,6.935,6.6575,6.6775,6.324662,580400
2002-06-12,6.6775,6.7675,6.5375,6.7425,6.386227,824400
2002-06-13,6.7425,6.8875,6.4875,6.52,6.175484,708800
2002-06-14,6.5075,6.5075,6.25,6.375,6.038145,711600
2002-06-17,6.375,6.6375,6.375,6.625,6.274936,612000
2002-06-18,6.625,6.7725,6.5875,6.6725,6.319925,611200
2002-06-19,6.65,6.6575,6.4175,6.45,6.109183,522800
2002-06-20,6.45,6.61,6.3975,6.535,6.189691000000001,562400
2002-06-21,6.5375,6.68,6.5225,6.5575,6.211003,856400
2002-06-24,6.55,6.5625,6.345,6.5125,6.16838,871200
2002-06-25,6.535,6.605,6.3325,6.3825,6.04525,550400
2002-06-26,6.3625,6.3625,6.1875,6.26,5.929223,1276800
2002-06-27,6.275,6.4,6.19,6.3875,6.0499849999999995,742800
2002-06-28,6.3375,6.6325,6.285,6.525,6.1802209999999995,1033600
2002-07-01,6.5275,6.5375,6.1275,6.15,5.825035,604400
2002-07-02,6.14,6.165,5.7125,5.8525,5.543254,1254400
2002-07-03,5.8625,5.9525,5.72,5.8925,5.581141000000001,1372000
2002-07-05,5.9625,6.1225,5.9625,6.0825,5.761103,346800
2002-07-08,6.0825,6.1875,5.9625,5.9825,5.666386,556400
2002-07-09,6.0125,6.0925,5.8475,5.8725,5.562198,379200
2002-07-10,5.8725,5.985,5.62,5.65,5.3514550000000005,543200
2002-07-11,5.625,5.625,5.4,5.525,5.233059,540400
2002-07-12,5.55,5.62,5.45,5.49,5.19991,297600
2002-07-15,5.5,5.5075,5.2125,5.4875,5.197541,498400
2002-07-16,5.4875,5.6325,5.3625,5.4125,5.126504,527200
2002-07-17,5.5,5.6325,5.235,5.405,5.119401,660000
2002-07-18,5.4125,5.4425,5.225,5.2875,5.008108,606000
2002-07-19,5.3125,5.3125,5.0025,5.1,4.8305169999999995,621200
2002-07-22,4.975,5.08,4.875,4.9125,4.652923,792000
2002-07-23,5.0325,5.19,5.025,5.1525,4.880242,1812400
2002-07-24,5.1525,5.37,5.0,5.31,5.02942,1528000
2002-07-25,5.315,5.3925,5.125,5.35,5.067307,1046800
2002-07-26,5.375,5.5525,5.3125,5.5,5.209381,610000
2002-07-29,5.5375,6.0125,5.535,5.99,5.673489,855200
2002-07-30,5.99,6.2375,5.865,5.905,5.592980000000001,1126400
2002-07-31,5.905,6.0625,5.775,5.875,5.564567,768000
2002-08-01,5.875,5.9825,5.7975,5.825,5.517208,512400
2002-08-02,5.85,5.8575,5.3675,5.55,5.25674,1026400
2002-08-05,5.5375,5.625,5.3475,5.3775,5.093354,1072800
2002-08-06,5.425,5.655,5.425,5.5125,5.22122,725600
2002-08-07,5.55,5.6675,5.535,5.64,5.341983,518800
2002-08-08,5.5625,5.9625,5.545,5.9625,5.647443,684400
2002-08-09,5.9125,5.97,5.805,5.9225,5.6095559999999995,542800
2002-08-12,5.5625,5.7,5.4575,5.65,5.3514550000000005,1191200
2002-08-13,5.6425,5.935,5.6,5.69,5.389343,1009200
2002-08-14,5.7125,5.94,5.5,5.94,5.626131,752000
2002-08-15,5.94,5.95,5.6575,5.8975,5.585877,823200
2002-08-16,5.9,6.1,5.6875,6.06,5.73979,1844400
2002-08-19,5.875,6.0975,5.8625,6.0825,5.761103,829200
2002-08-20,6.0875,6.15,5.975,6.125,5.801355,592800
2002-08-21,6.1325,6.505,6.1325,6.505,6.161276,1012000
2002-08-22,6.55,6.8075,6.425,6.7425,6.386227,761600
2002-08-23,6.5875,6.7,6.5025,6.505,6.161276,615200
2002-08-26,6.51,6.5875,6.3025,6.35,6.0144660000000005,909600
2002-08-27,6.4125,6.4375,6.215,6.235,5.905544,743200
2002-08-28,6.2125,6.225,6.0725,6.115,5.791884,439200
2002-08-29,6.125,6.32,5.95,6.175,5.848714,776400
2002-08-30,6.2125,6.2975,6.1075,6.1075,5.784782,490800
2002-09-03,6.0975,6.0975,5.8825,5.9,5.588245,488800
2002-09-04,5.9,6.1,5.7175,6.085,5.76347,1187200
2002-09-05,6.0375,6.0375,5.69,5.69,5.389343,630400
2002-09-06,5.75,6.1125,5.75,6.0775,5.756366000000001,723600
2002-09-09,6.025,6.1625,5.8925,6.12,5.79662,862000
2002-09-10,5.825,5.8675,5.505,5.68,5.379869,2128000
2002-09-11,5.705,5.7875,5.65,5.705,5.403548000000001,324400
2002-09-12,5.675,5.68,5.5,5.65,5.3514550000000005,644000
2002-09-13,5.625,5.625,5.505,5.5875,5.292258,805600
2002-09-16,5.575,5.6525,5.505,5.635,5.337248000000001,720000
2002-09-17,5.775,5.825,5.6,5.605,5.308833,1150400
2002-09-18,5.515,5.5375,5.3125,5.4575,5.169126,965600
2002-09-19,5.395,5.495,5.285,5.2975,5.017580000000001,664800
2002-09-20,5.375,5.45,5.2525,5.325,5.043627,748800
2002-09-23,5.2625,5.2775,5.0875,5.18,4.906289,716000
2002-09-24,5.1125,5.1125,4.6875,4.865,4.607933999999999,2748400
2002-09-25,4.875,5.0125,4.635,4.785,4.532161,1964400
2002-09-26,4.81,5.0325,4.81,4.965,4.702649,1122400
2002-09-27,4.8,4.8075,4.3,4.325,4.096467,3372400
2002-09-30,4.325,4.4625,4.06,4.425,4.1911830000000005,1859600
2002-10-01,4.4,4.5875,4.215,4.565,4.323785,1761200
2002-10-02,4.525,4.675,4.2975,4.3,4.07279,1474000
2002-10-03,4.3025,4.3025,4.0125,4.155,3.935451,2760800
2002-10-04,4.2375,4.3625,3.975,4.0,3.78864,1791200
2002-10-07,3.975,4.0125,3.875,3.94,3.731811,1408800
2002-10-08,3.94,4.075,3.845,4.0075,3.7957440000000005,1516400
2002-10-09,3.945,3.945,3.475,3.5275,3.341107,2864800
2002-10-10,3.5275,3.65,3.415,3.6125,3.421616,2829600
2002-10-11,3.6875,4.1025,3.6875,3.9425,3.734179,1816000
2002-10-14,3.875,4.085,3.825,3.995,3.783904,887600
2002-10-15,4.175,4.4,4.1125,4.3875,4.155665,1197200
2002-10-16,4.39,4.39,4.0375,4.0975,3.880989,1963600
2002-10-17,4.245,4.42,4.245,4.385,4.153297,1078000
2002-10-18,4.385,4.4,4.225,4.26,4.034903,1045600
2002-10-21,4.2625,4.6375,4.2525,4.585,4.342728,1260400
2002-10-22,4.525,4.85,4.35,4.41,4.176976,2948000
2002-10-23,4.625,5.435,4.61,5.3175,5.036524,5305200
2002-10-24,5.3,5.6875,5.2175,5.3875,5.102825,3004800
2002-10-25,5.325,5.5625,5.29,5.5125,5.22122,1575200
2002-10-28,5.5,5.65,5.45,5.4625,5.173862000000001,1790400
2002-10-29,5.4375,5.5625,5.33,5.435,5.1478150000000005,1798000
2002-10-30,5.4,5.625,5.35,5.4875,5.197541,887200
2002-10-31,5.4875,5.55,5.3625,5.41,5.124137,851600
2002-11-01,5.405,5.6025,5.32,5.6025,5.306465,942400
2002-11-04,5.6825,5.9125,5.615,5.65,5.3514550000000005,1932400
2002-11-05,5.625,5.6375,5.4075,5.59,5.294625,1202000
2002-11-06,5.7125,5.93,5.5,5.93,5.616658999999999,1477600
2002-11-07,5.7875,5.89,5.75,5.85,5.540886,1200000
2002-11-08,5.85,5.875,5.6275,5.7325,5.429595,989600
2002-11-11,5.75,5.8075,5.46,5.475,5.185702,1346400
2002-11-12,5.5375,5.6,5.425,5.535,5.242531,1104000
2002-11-13,5.475,5.65,5.4075,5.54,5.247267,876000
2002-11-14,5.575,5.62,5.495,5.6,5.304098000000001,644000
2002-11-15,5.6125,5.625,5.4625,5.5875,5.292258,744400
2002-11-18,5.675,5.6775,5.5125,5.625,5.327776,784400
2002-11-19,5.5625,5.5825,5.35,5.375,5.090986,1129600
2002-11-20,5.3125,5.325,5.0,5.1,4.8305169999999995,1391200
2002-11-21,5.15,5.5025,5.1,5.4725,5.183333999999999,1402000
2002-11-22,5.4725,5.5,5.3025,5.4875,5.197541,707600
2002-11-25,5.45,5.6,5.3425,5.37,5.086249,909200
2002-11-26,5.3625,5.5,5.1175,5.175,4.901554,966000
2002-11-27,5.2375,5.4575,5.2325,5.3575,5.074409999999999,866000
2002-11-29,5.275,5.315,5.25,5.2925,5.012844,311200
2002-12-02,5.5,5.55,5.28,5.375,5.090986,952000
2002-12-03,5.2475,5.2625,5.02,5.06,4.79263,1002000
2002-12-04,5.0125,5.075,4.905,5.0375,4.771319,893200
2002-12-05,5.045,5.6,5.045,5.4275,5.1407110000000005,2769600
2002-12-06,5.4125,5.8125,5.3625,5.7375,5.434332,1782400
2002-12-09,5.7,5.75,5.5,5.5075,5.2164839999999995,836000
2002-12-10,5.55,5.675,5.5375,5.6125,5.315937,526400
2002-12-11,5.615,5.7,5.5125,5.655,5.356191,841200
2002-12-12,5.6875,5.7975,5.6625,5.7575,5.453275,489600
2002-12-13,5.7375,5.7375,5.545,5.6175,5.320673,820000
2002-12-16,5.6375,5.69,5.5775,5.69,5.389343,705200
2002-12-17,5.6275,5.7175,5.56,5.6,5.304098000000001,689600
2002-12-18,5.4625,5.5225,5.375,5.425,5.138344999999999,774000
2002-12-19,5.425,5.51,5.3,5.3175,5.036524,1007600
2002-12-20,5.375,5.38,5.2125,5.38,5.095722,2114000
2002-12-23,5.3175,5.3175,5.185,5.2875,5.008108,686400
2002-12-24,5.375,5.4175,5.2875,5.375,5.090986,598800
2002-12-26,5.4125,5.5875,5.3275,5.35,5.067307,838400
2002-12-27,5.35,5.4,5.25,5.2525,4.974958999999999,493200
2002-12-30,5.2875,5.31,5.085,5.245,4.967855,783600
2002-12-31,5.245,5.5,5.225,5.4125,5.126504,840400
2003-01-02,5.455,5.5575,5.375,5.52,5.228324,473600
2003-01-03,5.52,5.64,5.5125,5.625,5.327776,668400
2003-01-06,5.6125,5.8675,5.5925,5.7875,5.481689,1059200
2003-01-07,5.7875,6.0,5.7875,5.9125,5.600084,893200
2003-01-08,5.875,6.05,5.8,5.89,5.578774,916400
2003-01-09,5.89,6.0375,5.8675,5.945,5.630868,914800
2003-01-10,5.925,5.9875,5.825,5.88,5.5693019999999995,752400
2003-01-13,5.8775,5.995,5.815,5.975,5.659281,708800
2003-01-14,5.975,6.0875,5.9425,5.9975,5.680593,1397200
2003-01-15,6.055,6.06,5.925,5.98,5.664018,921200
2003-01-16,6.0,6.0025,5.8225,5.855,5.545623,984400
2003-01-17,5.8,5.83,5.7,5.7425,5.439067,534400
2003-01-21,5.7,5.725,5.4225,5.4525,5.164391999999999,1184000
2003-01-22,5.39,5.445,5.2175,5.235,4.958383,1040400
2003-01-23,5.3225,5.3975,5.205,5.2675,4.989166,798400
2003-01-24,5.225,5.225,4.9825,5.0975,4.8281480000000006,784800
2003-01-27,5.0875,5.12,4.8125,4.9075,4.648187999999999,1230400
2003-01-28,4.915,5.0375,4.8375,5.0225,4.757111,1043200
2003-01-29,5.0125,5.05,4.88,4.9875,4.723961,723200
2003-01-30,4.975,5.1825,4.89,4.9375,4.676603,1052400
2003-01-31,4.925,4.955,4.84,4.9425,4.6813400000000005,683200
2003-02-03,4.9425,5.0,4.765,4.81,4.55584,839200
2003-02-04,4.8,4.805,4.74,4.805,4.551105000000001,1280800
2003-02-05,4.825,4.99,4.81,4.86,4.603199,624000
2003-02-06,4.825,4.95,4.775,4.86,4.603199,965200
2003-02-07,4.86,4.875,4.6925,4.695,4.446917,1183600
2003-02-10,4.725,4.8075,4.7075,4.8075,4.553473,1036400
2003-02-11,4.85,4.85,4.6525,4.69,4.442181,1161600
2003-02-12,4.6925,4.705,4.6,4.615,4.371144,482800
2003-02-13,4.615,4.62,4.275,4.4075,4.174608,1885600
2003-02-14,4.41,4.5725,4.41,4.5375,4.297739,610400
2003-02-18,4.5475,4.7125,4.525,4.615,4.371144,592000
2003-02-19,4.5625,4.5625,4.375,4.48,4.243279,1011600
2003-02-20,4.5375,4.5975,4.5,4.55,4.309578,1092400
2003-02-21,4.575,4.6625,4.5125,4.62,4.375878,624800
2003-02-24,4.625,4.625,4.335,4.335,4.105939,782400
2003-02-25,4.3125,4.525,4.2525,4.52,4.2811639999999995,678400
2003-02-26,4.575,4.585,4.4125,4.5025,4.264588,1214400
2003-02-27,4.55,4.55,4.3975,4.4125,4.179344,421600
2003-02-28,4.425,4.5625,4.425,4.5375,4.297739,552800
2003-03-03,4.59,4.8,4.59,4.7925,4.539265,1122000
2003-03-04,4.7625,4.7925,4.535,4.535,4.295371,1047200
2003-03-05,4.5375,4.695,4.5125,4.6475,4.401927,668400
2003-03-06,4.65,4.65,4.5325,4.595,4.352201,540000
2003-03-07,4.5375,4.775,4.5125,4.775,4.522689,659200
2003-03-10,4.75,4.75,4.4875,4.6,4.356936,1333600
2003-03-11,4.65,4.65,4.25,4.3125,4.0846279999999995,1155200
2003-03-12,4.2875,4.375,4.265,4.3625,4.131986,1020400
2003-03-13,4.375,4.615,4.3675,4.6125,4.368776,1077600
2003-03-14,4.65,4.795,4.585,4.7375,4.48717,1076800
2003-03-17,4.7375,4.825,4.5375,4.8,4.546368,1130800
2003-03-18,4.45,4.4525,4.2525,4.2875,4.06095,19654000
2003-03-19,4.275,4.275,4.0925,4.105,3.888093,4990800
2003-03-20,4.1075,4.1375,3.925,4.0975,3.880989,4022800
2003-03-21,4.0975,4.4875,4.075,4.4775,4.240908999999999,6234800
2003-03-24,4.3,4.3,4.1525,4.185,3.9638660000000003,1866800
2003-03-25,4.185,4.28,4.0225,4.2625,4.0372699999999995,4824400
2003-03-26,4.2625,4.275,4.15,4.205,3.9828080000000003,696800
2003-03-27,4.1125,4.205,4.065,4.1,3.883357,890400
2003-03-28,4.0375,4.0375,3.93,3.995,3.783904,2156800
2003-03-31,3.895,3.975,3.82,3.915,3.708132,2331600
2003-04-01,3.9775,3.995,3.8725,3.945,3.7365470000000003,1582400
2003-04-02,4.0875,4.195,4.0,4.18,3.959129,2510400
2003-04-03,4.325,4.325,4.1,4.11,3.8928279999999997,1211200
2003-04-04,4.1375,4.205,4.125,4.165,3.944923,764400
2003-04-07,4.3125,4.355,4.175,4.2175,3.994649,1660400
2003-04-08,4.2175,4.2175,4.01,4.0225,3.8099519999999996,1383600
2003-04-09,4.02,4.12,4.0125,4.0525,3.838366,791600
2003-04-10,4.025,4.045,3.9625,3.985,3.774434,825200
2003-04-11,4.03,4.06,3.9175,3.9375,3.729443,478000
2003-04-14,3.975,4.0,3.8875,3.9975,3.7862730000000004,685200
2003-04-15,3.9625,4.0875,3.935,4.0875,3.871517,996000
2003-04-16,4.125,4.135,3.945,3.9525,3.74365,810800
2003-04-17,3.955,4.11,3.945,4.075,3.8596769999999996,826400
2003-04-21,4.075,4.075,3.9475,4.04,3.8265260000000003,1070000
2003-04-22,4.025,4.135,3.95,4.1225,3.904668,1062800
2003-04-23,4.185,4.3325,4.175,4.33,4.101203,1790000
2003-04-24,4.3,4.4125,4.25,4.41,4.176976,1799600
2003-04-25,4.3875,4.4,4.2725,4.28,4.053846,716800
2003-04-28,4.3375,4.4575,4.3025,4.4375,4.203023,899200
2003-04-29,4.4125,4.4375,4.325,4.4075,4.174608,839200
2003-04-30,4.41,4.4775,4.355,4.4575,4.221966,903600
2003-05-01,4.45,4.45,4.2975,4.4275,4.1935519999999995,1189200
2003-05-02,4.59,4.975,4.575,4.9425,4.6813400000000005,5489600
2003-05-05,4.9875,5.0175,4.85,4.9375,4.676603,2321600
2003-05-06,4.94,5.0375,4.905,4.94,4.678971,1523200
2003-05-07,4.865,4.925,4.7625,4.7625,4.51085,1662000
2003-05-08,4.7,4.8625,4.69,4.765,4.513218,1546800
2003-05-09,4.8,4.875,4.7525,4.8225,4.567679,1012000
2003-05-12,4.85,4.9125,4.775,4.88,4.622142,715200
2003-05-13,4.88,4.9475,4.78,4.9125,4.652923,595600
2003-05-14,4.8875,4.8975,4.775,4.775,4.522689,719200
2003-05-15,4.8375,4.875,4.77,4.775,4.522689,509600
2003-05-16,4.7375,4.8,4.6375,4.6675,4.420871,890000
2003-05-19,4.6675,4.6675,4.325,4.5375,4.297739,1276800
2003-05-20,4.575,4.5875,4.4525,4.4875,4.250381,1157200
2003-05-21,4.4875,4.49,4.375,4.375,4.143826,942000
2003-05-22,4.375,4.5375,4.3625,4.515,4.276428,639600
2003-05-23,4.55,4.605,4.4475,4.555,4.3143139999999995,294000
2003-05-27,4.525,4.8,4.525,4.8,4.546368,824400
2003-05-28,4.8125,4.8725,4.6,4.6325,4.387719000000001,708800
2003-05-29,4.625,4.675,4.525,4.615,4.371144,685200
2003-05-30,4.65,4.7525,4.625,4.7525,4.501379,688000
2003-06-02,4.875,4.995,4.85,4.9225,4.662397,1228400
2003-06-03,4.9,4.925,4.7,4.75,4.499011,985200
2003-06-04,4.775,4.9275,4.76,4.925,4.664764,1045200
2003-06-05,4.925,4.98,4.8775,4.975,4.712121,2410800
2003-06-06,5.0375,5.13,5.0,5.04,4.773688,1772000
2003-06-09,5.05,5.075,4.8975,4.8975,4.6387160000000005,663600
2003-06-10,4.925,4.9725,4.8625,4.9725,4.709754,552400
2003-06-11,4.9725,5.0625,4.89,4.985,4.721593,1123200
2003-06-12,5.0,5.05,4.875,5.035,4.768951,966400
2003-06-13,5.075,5.1,4.9,4.9525,4.690811,643600
2003-06-16,5.0525,5.2125,5.05,5.1375,4.866035,949200
2003-06-17,5.1375,5.27,5.095,5.2,4.925232,836000
2003-06-18,5.2525,5.3125,5.1425,5.3125,5.031788,576800
2003-06-19,5.35,5.35,5.105,5.1075,4.837619999999999,1670800
2003-06-20,5.1575,5.225,5.1275,5.2,4.925232,660400
2003-06-23,5.2,5.2,5.025,5.07,4.802102,805600
2003-06-24,5.05,5.0875,5.0075,5.065,4.7973669999999995,860000
2003-06-25,5.1,5.17,5.025,5.1175,4.847091000000001,638400
2003-06-26,5.22,5.3975,5.1875,5.3425,5.060204,1039600
2003-06-27,5.405,5.495,5.28,5.305,5.024684,1046000
2003-06-30,5.35,5.4625,5.3125,5.3625,5.079147,1248800
2003-07-01,5.3625,5.4125,5.205,5.41,5.124137,957600
2003-07-02,5.41,5.5275,5.41,5.495,5.204644,1831600
2003-07-03,5.4575,5.48,5.38,5.3825,5.098089,413200
2003-07-07,5.4375,5.595,5.4375,5.595,5.299361,1477200
2003-07-08,5.5,5.5375,5.4625,5.49,5.19991,3644800
2003-07-09,5.525,5.72,5.5175,5.6975,5.396445,1276800
2003-07-10,5.6625,5.6625,5.35,5.3775,5.093354,1228400
2003-07-11,5.3775,5.475,5.33,5.4275,5.1407110000000005,1310400
2003-07-14,5.5,5.65,5.4575,5.6375,5.339615,864000
2003-07-15,5.7,5.7,5.5875,5.615,5.318304,1988000
2003-07-16,5.615,5.74,5.6,5.71,5.408284,2946000
2003-07-17,5.6875,5.7375,5.5375,5.5525,5.259107,2066400
2003-07-18,5.615,5.6625,5.525,5.6075,5.3112,1596800
2003-07-21,5.61,5.7225,5.56,5.69,5.389343,1787600
2003-07-22,5.7525,6.0425,5.73,6.04,5.720847,2325600
2003-07-23,6.025,6.1375,5.9275,5.985,5.668754,2952000
2003-07-24,5.9925,6.2075,5.9925,6.005,5.687697,4836000
2003-07-25,6.055,6.15,5.9825,6.0225,5.7042720000000005,1558400
2003-07-28,6.0375,6.21,5.9825,6.2075,5.879497,1319600
2003-07-29,6.2125,6.2125,6.015,6.0675,5.746894,1723600
2003-07-30,6.06,6.0625,5.97,6.005,5.687697,2032000
2003-07-31,6.0675,6.1875,6.0,6.115,5.791884,746800
2003-08-01,6.0525,6.0725,5.9,5.9225,5.6095559999999995,1239200
2003-08-04,5.925,5.925,5.595,5.7675,5.462746,1888400
2003-08-05,5.7675,5.7675,5.6,5.6025,5.306465,1380000
2003-08-06,5.6025,5.6475,5.5125,5.54,5.247267,1459600
2003-08-07,5.5625,5.6,5.475,5.5925,5.296993,903600
2003-08-08,5.575,5.8975,5.55,5.885,5.574038,1308800
2003-08-11,6.0,6.045,5.9025,6.045,5.725583,2328000
2003-08-12,6.045,6.1,6.035,6.095,5.77294,1212000
2003-08-13,6.0875,6.0875,6.0225,6.0425,5.723216000000001,826800
2003-08-14,6.025,6.15,6.0125,6.15,5.825035,1222800
2003-08-15,6.125,6.17,6.08,6.17,5.843979,337600
2003-08-18,6.15,6.3425,6.15,6.3075,5.974214,865200
2003-08-19,6.275,6.38,6.23,6.3675,6.031041,553600
2003-08-20,6.3625,6.475,6.35,6.4,6.061824,443200
2003-08-21,6.4375,6.51,6.4275,6.49,6.147069,896400
2003-08-22,6.565,6.5875,6.45,6.48,6.137597,1689600
2003-08-25,6.675,6.86,6.6,6.7,6.345973000000001,2338400
2003-08-26,6.7025,6.75,6.5675,6.6575,6.305719,789200
2003-08-27,6.6325,6.725,6.575,6.7,6.345973000000001,1230400
2003-08-28,6.675,6.7775,6.635,6.76,6.402803,634800
2003-08-29,6.725,6.925,6.715,6.8975,6.5330379999999995,505600
2003-09-02,6.875,7.035,6.85,7.0275,6.656167999999999,850000
2003-09-03,7.0275,7.3275,7.0025,7.2375,6.855072,2042400
2003-09-04,7.225,7.3125,7.165,7.2525,6.869280000000001,2351200
2003-09-05,7.255,7.345,7.1875,7.3125,6.926108,1245200
2003-09-08,7.325,7.44,7.3025,7.3425,6.954524,3199600
2003-09-09,7.28,7.3325,7.1175,7.1525,6.774563000000001,1406400
2003-09-10,7.15,7.1525,7.05,7.0675,6.6940550000000005,949200
2003-09-11,7.0,7.09,6.9625,7.07,6.696422,3972000
2003-09-12,7.07,7.2,7.025,7.1775,6.798241,2860400
2003-09-15,7.1775,7.31,7.175,7.2375,6.855072,678800
2003-09-16,7.2,7.2825,7.1125,7.1925,6.812449000000001,828000
2003-09-17,7.2,7.2625,7.155,7.16,6.781666,1296000
2003-09-18,7.1625,7.2775,7.1125,7.2725,6.888223,1168400
2003-09-19,7.2725,7.3,7.1825,7.275,6.8905899999999995,918400
2003-09-22,7.1625,7.2775,7.1425,7.23,6.847967999999999,1490800
2003-09-23,7.2,7.3,7.125,7.3,6.914269,1015600
2003-09-24,7.275,7.385,7.2075,7.225,6.843232,2591200
2003-09-25,7.225,7.23,7.025,7.05,6.677478999999999,1604800
2003-09-26,7.1,7.1125,6.8625,6.91,6.544876,1746800
2003-09-29,6.875,7.045,6.7025,7.04,6.668008,3287600
2003-09-30,7.04,7.0425,6.875,6.955,6.587499,3562000
2003-10-01,6.9875,7.21,6.98,7.19,6.810080999999999,956400
2003-10-02,7.1925,7.2625,7.1,7.185,6.805345,584000
2003-10-03,7.2475,7.475,7.2475,7.43,7.0374,958400
2003-10-06,7.43,7.5625,7.425,7.5625,7.162897999999999,1232400
2003-10-07,7.5625,7.6125,7.485,7.61,7.207889,4493600
2003-10-08,7.585,7.6725,7.4925,7.6325,7.229199,1501600
2003-10-09,7.7625,7.965,7.7375,7.9,7.482566,3484800
2003-10-10,7.9,7.9,7.685,7.6925,7.286028999999999,2212000
2003-10-13,7.69,7.925,7.69,7.9175,7.49914,880400
2003-10-14,7.855,7.91,7.775,7.8125,7.3996889999999995,1111200
2003-10-15,7.8375,7.8425,7.7125,7.7475,7.3381229999999995,730800
2003-10-16,7.75,7.845,7.685,7.7225,7.314445,1169600
2003-10-17,7.7225,7.7225,7.5025,7.52,7.122644,940000
2003-10-20,7.5225,7.725,7.5175,7.725,7.316813000000001,643200
2003-10-21,7.875,7.935,7.69,7.725,7.316813000000001,2279200
2003-10-22,7.375,7.375,7.0,7.1875,6.807713000000001,2477600
2003-10-23,7.1125,7.1375,6.8875,6.9125,6.547244,2277600
2003-10-24,6.825,6.8375,6.755,6.8125,6.452528,1371600
2003-10-27,6.925,7.1025,6.9125,7.075,6.701158,1031200
2003-10-28,7.1375,7.27,7.1375,7.265,6.881117999999999,1023200
2003-10-29,7.2675,7.4075,7.2675,7.3375,6.949788000000001,1304000
2003-10-30,7.3625,7.4,7.2625,7.3475,6.9592600000000004,840000
2003-10-31,7.3425,7.345,7.1875,7.1975,6.817183999999999,1066000
2003-11-03,7.175,7.19,7.08,7.1375,6.760356,1711200
2003-11-04,7.125,7.125,7.0,7.0375,6.66564,1358400
2003-11-05,7.0375,7.0625,6.96,7.04,6.668008,583600
2003-11-06,7.0375,7.145,6.99,7.145,6.767459,794000
2003-11-07,7.1625,7.195,7.08,7.11,6.734309,780400
2003-11-10,7.11,7.12,6.97,6.97,6.601706,1611200
2003-11-11,6.97,6.97,6.9075,6.9275,6.561450999999999,1057600
2003-11-12,6.87,7.035,6.87,7.0225,6.651432000000001,905600
2003-11-13,7.0225,7.0225,6.9275,6.95,6.582762,933200
2003-11-14,6.9375,7.025,6.8575,6.885,6.521197,619200
2003-11-17,6.825,6.85,6.6875,6.725,6.369651,876000
2003-11-18,6.7125,6.78,6.58,6.625,6.274936,662000
2003-11-19,6.6275,6.675,6.535,6.6,6.251256,862400
2003-11-20,6.5625,6.7,6.485,6.665,6.312822,867600
2003-11-21,6.7275,6.8625,6.65,6.86,6.4975190000000005,2473600
2003-11-24,6.8625,7.1225,6.8625,7.1225,6.746148,1724000
2003-11-25,7.22,7.2475,7.1675,7.2225,6.840864,512000
2003-11-26,7.2725,7.2725,7.005,7.205,6.824289,602000
2003-11-28,7.1875,7.255,7.17,7.19,6.810080999999999,245600
2003-12-01,7.25,7.3,7.175,7.2625,6.87875,902800
2003-12-02,7.2625,7.2625,6.965,6.975,6.6064419999999995,660800
2003-12-03,6.9625,6.975,6.6875,6.7125,6.357812,1391600
2003-12-04,6.75,6.75,6.43,6.6,6.251256,844800
2003-12-05,6.6,6.6,6.205,6.3675,6.031041,1806800
2003-12-08,6.495,6.5,6.3075,6.4075,6.068928,1191600
2003-12-09,6.4625,6.535,6.375,6.375,6.038145,1177600
2003-12-10,6.4375,6.4375,6.19,6.2375,5.907911,956400
2003-12-11,6.25,6.62,6.25,6.62,6.2702,1138800
2003-12-12,6.62,6.7875,6.5775,6.6625,6.310454,782400
2003-12-15,6.7625,6.775,6.4825,6.4825,6.1399669999999995,960400
2003-12-16,6.525,6.715,6.3825,6.675,6.322294,2058000
2003-12-17,6.6775,6.6825,6.5125,6.6225,6.272568,1480000
2003-12-18,6.6475,6.825,6.6225,6.8,6.44069,1056000
2003-12-19,6.825,6.855,6.75,6.8075,6.447792,750000
2003-12-22,6.8075,6.81,6.68,6.81,6.4501610000000005,650000
2003-12-23,6.775,6.8925,6.755,6.885,6.521197,577600
2003-12-24,6.9375,6.9575,6.85,6.945,6.5780270000000005,522000
2003-12-26,6.9125,6.9625,6.9125,6.9125,6.547244,146000
2003-12-29,6.95,7.02,6.9125,6.985,6.615912,497200
2003-12-30,6.985,6.985,6.875,6.8925,6.528301,358000
2003-12-31,6.925,6.98,6.8225,6.8225,6.462,624000
2004-01-02,6.88,7.045,6.88,6.95,6.582762,504000
2004-01-05,7.0,7.035,6.8875,6.935,6.568556,718400
2004-01-06,6.9,7.275,6.875,7.245,6.862175,986800
2004-01-07,7.295,7.31,7.1375,7.1375,6.760356,768400
2004-01-08,7.1625,7.1625,7.0375,7.075,6.701158,1004800
2004-01-09,7.025,7.0575,6.9175,6.9175,6.55198,656000
2004-01-12,6.92,6.9825,6.855,6.895,6.5306690000000005,580000
2004-01-13,6.9575,6.9575,6.8375,6.9125,6.547244,657200
2004-01-14,6.9125,7.0975,6.85,7.055,6.682214,1292400
2004-01-15,7.1175,7.125,6.8125,6.9325,6.566186999999999,1282000
2004-01-16,7.0075,7.0425,6.915,7.0425,6.670375999999999,811200
2004-01-20,7.05,7.05,6.83,6.955,6.587499,858000
2004-01-21,6.955,7.1825,6.875,7.17,6.791139,660000
2004-01-22,7.255,7.3175,7.1125,7.2275,6.845600999999999,864400
2004-01-23,7.2275,7.2625,7.0625,7.205,6.824289,523200
2004-01-26,7.175,7.185,7.065,7.185,6.805345,550800
2004-01-27,7.225,7.26,7.175,7.1775,6.798241,676800
2004-01-28,7.155,7.155,6.475,6.6525,6.3009830000000004,2204000
2004-01-29,6.8125,7.155,6.8125,7.155,6.776932,3025600
2004-01-30,7.15,7.15,6.845,6.95,6.582762,1200000
2004-02-02,7.025,7.03,6.8275,6.8525,6.4904150000000005,1036800
2004-02-03,6.855,6.9,6.8,6.8,6.44069,842000
2004-02-04,6.7875,6.8175,6.645,6.6575,6.305719,736400
2004-02-05,6.66,6.79,6.6275,6.685,6.331765,954800
2004-02-06,6.685,6.9075,6.665,6.895,6.5306690000000005,551200
2004-02-09,6.895,6.895,6.7425,6.775,6.417008999999999,602000
2004-02-10,6.775,6.8625,6.6325,6.7175,6.362547,640800
2004-02-11,6.6425,6.825,6.6425,6.8125,6.452528,522800
2004-02-12,6.8125,6.8925,6.795,6.825,6.464367,479600
2004-02-13,6.8375,6.8625,6.625,6.7375,6.381492,573600
2004-02-17,6.725,6.9125,6.715,6.8925,6.528301,574800
2004-02-18,6.9,6.9225,6.75,6.76,6.402803,629600
2004-02-19,6.8175,6.8625,6.625,6.6275,6.277304,420000
2004-02-20,6.65,6.705,6.515,6.65,6.298615,631200
2004-02-23,6.6675,6.6675,6.5,6.5325,6.187323999999999,795600
2004-02-24,6.535,6.6125,6.4675,6.525,6.1802209999999995,542400
2004-02-25,6.525,6.635,6.49,6.6,6.251256,416000
2004-02-26,6.6025,6.6025,6.46,6.5,6.156540000000001,2111200
2004-02-27,6.5,6.5375,6.375,6.435,6.094975,779200
2004-03-01,6.42,6.55,6.415,6.525,6.1802209999999995,1286800
2004-03-02,6.5675,6.5925,6.405,6.405,6.066561,988400
2004-03-03,6.4,6.4375,6.315,6.395,6.0570900000000005,1129200
2004-03-04,6.4,6.5,6.39,6.45,6.109183,784000
2004-03-05,6.4375,6.4875,6.3775,6.435,6.094975,422400
2004-03-08,6.3975,6.525,6.325,6.33,5.995524,877600
2004-03-09,6.33,6.33,6.015,6.08,5.758733,2092400
2004-03-10,6.13,6.3,6.0775,6.095,5.77294,986000
2004-03-11,6.095,6.095,5.7925,5.7925,5.486425,1492000
2004-03-12,5.855,6.0575,5.855,6.03,5.711377,1624000
2004-03-15,6.15,6.205,5.8375,5.9,5.588245,1756000
2004-03-16,5.9275,5.97,5.75,5.7675,5.462746,1317200
2004-03-17,5.9375,6.12,5.855,6.1025,5.780044999999999,1795600
2004-03-18,6.0275,6.05,5.815,5.8875,5.5764059999999995,1091200
2004-03-19,5.89,5.9125,5.8325,5.875,5.564567,623200
2004-03-22,5.8675,5.8675,5.6875,5.725,5.422492,1544000
2004-03-23,5.7875,5.9025,5.725,5.725,5.422492,3972000
2004-03-24,5.7,5.735,5.575,5.6075,5.3112,1230000
2004-03-25,5.6625,5.805,5.6575,5.8,5.493530000000001,2639600
2004-03-26,5.8,6.055,5.7725,5.9275,5.614291000000001,955200
2004-03-29,6.0125,6.105,6.0125,6.0575,5.737421,1964800
2004-03-30,6.025,6.0925,5.925,6.0125,5.6948,1590400
2004-03-31,6.0125,6.3,5.985,6.165,5.839242,1466400
2004-04-01,6.15,6.2125,6.0125,6.17,5.843979,1223200
2004-04-02,6.2625,6.4125,6.2625,6.3325,5.997891,967200
2004-04-05,6.3375,6.3875,6.2275,6.3125,5.978949,1301200
2004-04-06,6.35,6.7925,6.3375,6.7525,6.395699,6208000
2004-04-07,6.7125,6.7125,6.53,6.6175,6.267832,2203200
2004-04-08,6.7,6.7,6.5375,6.5725,6.22521,635600
2004-04-12,6.5625,6.6725,6.5025,6.53,6.184956,584400
2004-04-13,6.475,6.5125,6.31,6.3325,5.997891,1505200
2004-04-14,6.3325,6.5,6.3075,6.3775,6.040514,1052800
2004-04-15,6.39,6.4075,6.23,6.3225,5.98842,3329200
2004-04-16,6.325,6.425,6.2,6.4175,6.078401,1505600
2004-04-19,6.3925,6.3975,6.2575,6.3575,6.021571,912000
2004-04-20,6.4125,6.525,6.3025,6.3225,5.98842,710800
2004-04-21,6.3625,6.575,6.2925,6.515,6.170747,1141200
2004-04-22,6.525,6.7375,6.505,6.6775,6.324662,907200
2004-04-23,6.615,6.615,6.215,6.2825,5.950533999999999,1999600
2004-04-26,6.275,6.275,6.045,6.11,5.787148,1872800
2004-04-27,6.1,6.13,5.9175,5.96,5.645074,2691600
2004-04-28,5.97,5.97,5.75,5.775,5.46985,1832800
2004-04-29,5.8,5.8125,5.555,5.68,5.379869,1702400
2004-04-30,5.675,5.6775,5.5,5.5325,5.240163,2327600
2004-05-03,5.5525,5.62,5.38,5.47,5.1809650000000005,2766400
2004-05-04,5.4975,5.55,5.325,5.4575,5.169126,1196000
2004-05-05,5.55,5.595,5.4675,5.525,5.233059,1438000
2004-05-06,5.5125,5.5125,5.2125,5.2475,4.970222,4398000
2004-05-07,5.2475,5.2975,5.11,5.115,4.844723999999999,2552800
2004-05-10,5.1175,5.12,4.9625,5.0,4.735801,2882800
2004-05-11,5.0025,5.135,4.985,5.02,4.754745,2019200
2004-05-12,5.005,5.12,4.915,5.065,4.7973669999999995,3129600
2004-05-13,5.075,5.1625,5.02,5.055,4.787893,1535600
2004-05-14,5.0725,5.11,4.9525,4.9675,4.705019,1286400
2004-05-17,4.925,4.9675,4.815,4.8875,4.629244,1536000
2004-05-18,4.95,5.0375,4.8875,4.96,4.697914,1676800
2004-05-19,4.9875,5.15,4.9825,5.0675,4.799734,3619600
2004-05-20,5.0675,5.105,4.9625,5.03,4.764216,1149600
2004-05-21,5.0625,5.145,5.015,5.075,4.806838,1667200
2004-05-24,5.1375,5.25,5.0375,5.1225,4.851828,2075600
2004-05-25,5.125,5.25,5.04,5.2125,4.937073000000001,2117200
2004-05-26,5.215,5.2375,5.1775,5.2125,4.937073000000001,776400
2004-05-27,5.245,5.3275,5.175,5.2175,4.941808,845600
2004-05-28,5.2125,5.27,5.145,5.15,4.877873999999999,670000
2004-06-01,5.15,5.15,5.025,5.1,4.8305169999999995,1236000
2004-06-02,5.1625,5.275,5.06,5.2375,4.960751999999999,1457200
2004-06-03,5.225,5.2375,5.0625,5.0775,4.809206,1410400
2004-06-04,5.2,5.275,5.0875,5.2625,4.984430000000001,1574000
2004-06-07,5.3125,5.455,5.3125,5.45,5.1620230000000005,2351200
2004-06-08,5.47,5.725,5.4625,5.6225,5.325408,2733600
2004-06-09,5.65,5.8125,5.6,5.625,5.327776,2092400
2004-06-10,5.625,5.625,5.44,5.4525,5.164391999999999,1990800
2004-06-14,5.45,5.525,5.4,5.4625,5.173862000000001,1139600
2004-06-15,5.465,5.555,5.415,5.51,5.218854,1407200
2004-06-16,5.51,5.6125,5.44,5.5325,5.240163,960000
2004-06-17,5.5325,5.545,5.44,5.5225,5.230693,646800
2004-06-18,5.5225,5.6675,5.5025,5.6325,5.334879,954400
2004-06-21,5.6125,5.7175,5.5275,5.6925,5.39171,1233200
2004-06-22,5.6875,5.695,5.565,5.605,5.308833,1076000
2004-06-23,5.6375,5.7375,5.5625,5.735,5.431963,1057200
2004-06-24,5.735,5.76,5.65,5.6875,5.386973,1199200
2004-06-25,5.7125,5.7625,5.6825,5.7525,5.448539,707200
2004-06-28,5.87,5.975,5.775,5.89,5.578774,1349600
2004-06-29,5.8875,5.995,5.85,5.9,5.588245,1210000
2004-06-30,5.9,5.97,5.875,5.9675,5.652177,1136400
2004-07-01,5.9675,6.0125,5.8525,5.855,5.545623,1290800
2004-07-02,5.8675,5.8675,5.725,5.7725,5.467482,712000
2004-07-06,5.7725,5.8025,5.6275,5.765,5.4603779999999995,1295200
2004-07-07,5.755,5.855,5.665,5.6925,5.39171,995600
2004-07-08,5.65,5.6725,5.4375,5.4375,5.150183,1224000
2004-07-09,5.475,5.5225,5.3825,5.425,5.138344999999999,1050000
2004-07-12,5.445,5.6325,5.425,5.5375,5.244899,906000
2004-07-13,5.5275,5.53,5.27,5.2775,4.998639,1127600
2004-07-14,5.25,5.285,5.1025,5.22,4.944176000000001,2072400
2004-07-15,5.25,5.3125,5.175,5.2625,4.984430000000001,830000
2004-07-16,5.2575,5.2575,4.945,4.9625,4.700283,1311200
2004-07-19,5.025,5.14,4.9625,5.035,4.768951,1408000
2004-07-20,5.045,5.3575,5.025,5.3325,5.050731,1432400
2004-07-21,5.3775,5.3925,5.075,5.085,4.81631,2030000
2004-07-22,5.09,5.305,4.9275,5.1375,4.866035,2315200
2004-07-23,5.1475,5.225,5.0625,5.0675,4.799734,1212400
2004-07-26,5.1075,5.1275,5.0075,5.075,4.806838,1156800
2004-07-27,5.0725,5.1175,5.005,5.0925,4.823412,1415200
2004-07-28,5.0875,5.0875,4.94,5.0225,4.757111,1040800
2004-07-29,5.085,5.3125,5.075,5.2825,5.003374,1147600
2004-07-30,5.25,5.25,5.1025,5.2075,4.932337,913600
2004-08-02,5.2075,5.2075,5.0,5.0825,4.813941000000001,1006000
2004-08-03,5.0825,5.0975,5.005,5.0125,4.747641000000001,820000
2004-08-04,5.0275,5.2325,4.95,5.175,4.901554,1902800
2004-08-05,5.1375,5.14,4.9625,4.9775,4.714489,1291200
2004-08-06,4.9775,5.045,4.8075,4.8225,4.567679,2024400
2004-08-09,4.825,4.9,4.685,4.72,4.470594999999999,1323200
2004-08-10,4.775,4.96,4.75,4.9475,4.686076,1192400
2004-08-11,4.9125,5.075,4.8175,5.0075,4.742904,1773600
2004-08-12,4.995,4.9975,4.8625,4.95,4.688443,1142400
2004-08-13,4.95,5.0,4.8375,4.895,4.636349,846400
2004-08-16,4.9375,5.1,4.93,5.0875,4.818678,1057200
2004-08-17,5.1025,5.1925,5.0875,5.1425,4.8707709999999995,566000
2004-08-18,5.125,5.37,5.0625,5.34,5.057835,942800
2004-08-19,5.32,5.3275,5.11,5.1525,4.880242,888000
2004-08-20,5.155,5.41,5.1525,5.3575,5.074409999999999,494800
2004-08-23,5.36,5.4125,5.26,5.34,5.057835,819600
2004-08-24,5.38,5.5375,5.3625,5.49,5.19991,1158000
2004-08-25,5.5,5.6225,5.405,5.6175,5.320673,908800
2004-08-26,5.6275,5.855,5.6125,5.8175,5.510104,1790800
2004-08-27,5.725,5.7275,5.5675,5.7075,5.405917,1747200
2004-08-30,5.71,5.955,5.625,5.9,5.588245,2049200
2004-08-31,5.9,5.94,5.8125,5.885,5.574038,1939200
2004-09-01,5.8875,5.895,5.675,5.7325,5.429595,1741600
2004-09-02,5.7325,5.8875,5.6975,5.8125,5.505368,1490400
2004-09-03,5.8225,5.865,5.7775,5.845,5.536151,1445200
2004-09-07,5.9,5.95,5.7625,5.8725,5.562198,1658000
2004-09-08,5.85,5.9225,5.7675,5.8825,5.57167,2579200
2004-09-09,5.8575,5.93,5.7975,5.9275,5.614291000000001,2547200
2004-09-10,5.8775,6.16,5.8375,6.155,5.829771,1531600
2004-09-13,6.155,6.1925,6.0425,6.125,5.801355,1956000
2004-09-14,6.125,6.25,6.095,6.225,5.896071,1332000
2004-09-15,6.245,6.245,6.0875,6.155,5.829771,1272400
2004-09-16,6.2025,6.275,6.1675,6.255,5.924487999999999,1099600
2004-09-17,6.3,6.3,6.1025,6.22,5.891336,1190000
2004-09-20,6.22,6.3325,6.125,6.3025,5.969475,1516400
2004-09-21,6.35,6.425,6.2975,6.4125,6.073664,1221200
2004-09-22,6.3875,6.3875,6.2025,6.2025,5.874761,2272400
2004-09-23,6.205,6.24,6.1175,6.1675,5.84161,1388400
2004-09-24,6.17,6.2,6.0225,6.0575,5.737421,1112800
2004-09-27,6.05,6.1575,5.9,6.06,5.73979,1527600
2004-09-28,6.06,6.1375,5.975,6.1125,5.789517,1467200
2004-09-29,6.1125,6.325,6.0425,6.26,5.929223,2593200
2004-09-30,6.26,6.2725,6.14,6.195,5.867657,1436000
2004-10-01,6.225,6.375,6.13,6.375,6.038145,2844400
2004-10-04,6.405,6.515,6.4,6.49,6.147069,1169200
2004-10-05,6.4375,6.4375,6.1475,6.2075,5.879497,1449600
2004-10-06,6.2075,6.3475,6.1775,6.335,6.0002580000000005,1143200
2004-10-07,6.3,6.3,6.155,6.1625,5.836874,1231200
2004-10-08,6.1575,6.245,6.1325,6.1525,5.8274040000000005,821600
2004-10-11,6.1525,6.2125,6.1225,6.1575,5.832139,917600
2004-10-12,6.095,6.1825,6.045,6.145,5.8203,1755200
2004-10-13,6.375,6.375,6.21,6.255,5.924487999999999,2947200
2004-10-14,6.255,6.325,6.12,6.1675,5.84161,1720400
2004-10-15,6.15,6.2375,6.0925,6.1375,5.813196,1190800
2004-10-18,6.1425,6.1425,5.9375,6.045,5.725583,1738000
2004-10-19,6.125,6.135,5.9,5.9375,5.623762999999999,1246000
2004-10-20,5.8875,5.8875,5.7325,5.8,5.493530000000001,2038400
2004-10-21,6.025,6.15,5.895,6.15,5.825035,2633200
2004-10-22,6.375,6.47,6.225,6.2825,5.950533999999999,2767600
2004-10-25,6.2825,6.505,6.225,6.405,6.066561,2016800
2004-10-26,6.4625,6.7,6.3025,6.6725,6.319925,2386400
2004-10-27,6.65,6.6625,6.5075,6.63,6.279673000000001,3360000
2004-10-28,6.675,6.74,6.6,6.65,6.298615,2896000
2004-10-29,6.6625,6.72,6.585,6.585,6.23705,1596800
2004-11-01,6.5875,6.72,6.4625,6.64,6.289143,2361200
2004-11-02,6.695,7.1075,6.645,7.0175,6.646696,2548400
2004-11-03,6.9875,7.05,6.8275,6.875,6.511726,2235200
2004-11-04,6.925,7.065,6.85,7.065,6.691687,1185200
2004-11-05,7.125,7.2,7.065,7.105,6.729572999999999,1556400
2004-11-08,7.0425,7.21,7.015,7.0825,6.708261,1783200
2004-11-09,7.1625,7.2275,7.115,7.22,6.838496000000001,1196800
2004-11-10,7.225,7.24,6.9525,7.015,6.644328999999999,1143200
2004-11-11,7.025,7.185,7.0,7.165,6.786402000000001,1246000
2004-11-12,7.1875,7.2225,7.05,7.21,6.829024,1015200
2004-11-15,7.21,7.4375,7.145,7.345,6.95689,4438800
2004-11-16,7.345,7.345,7.1275,7.1425,6.765091,1892800
2004-11-17,7.1425,7.25,7.1075,7.2125,6.831392999999999,1740000
2004-11-18,7.26,7.3525,7.25,7.2675,6.883485,2755200
2004-11-19,7.2675,7.27,7.035,7.075,6.701158,1425600
2004-11-22,7.075,7.2575,7.045,7.1725,6.793506,1268800
2004-11-23,7.225,7.3975,7.195,7.3575,6.96873,2875600
2004-11-24,7.3575,7.37,7.1575,7.2225,6.840864,1719200
2004-11-26,7.2375,7.3725,7.2325,7.3575,6.96873,682000
2004-11-29,7.375,7.6425,7.34,7.595,7.193682000000001,4872400
2004-11-30,7.5875,7.85,7.5525,7.8075,7.394953,3246000
2004-12-01,7.85,8.1,7.8275,8.04,7.615168,3237600
2004-12-02,8.085,8.3675,8.0725,8.225,7.790394,7308000
2004-12-03,8.2625,8.41,8.2125,8.225,7.790394,7256800
2004-12-06,8.225,8.325,8.1,8.19,7.757242,2651200
2004-12-07,8.17,8.17,7.9275,8.08,7.653053,2567200
2004-12-08,8.08,8.185,7.995,8.0625,7.636478,2019600
2004-12-09,8.0625,8.075,7.9025,8.015,7.591488000000001,1949200
2004-12-10,7.95,8.0675,7.865,7.9825,7.560707000000001,2199600
2004-12-13,7.9875,8.0325,7.9375,7.995,7.572546000000001,2304000
2004-12-14,7.9975,8.1175,7.99,8.015,7.591488000000001,2029200
2004-12-15,8.025,8.1825,8.01,8.095,7.667261999999999,2214800
2004-12-16,8.095,8.1425,7.98,8.025,7.600960000000001,1381600
2004-12-17,8.025,8.0575,7.915,7.925,7.506244000000001,1037200
2004-12-20,7.9875,8.05,7.97,7.975,7.553601,1450400
2004-12-21,7.9875,8.0625,7.9625,8.0225,7.598592,1853200
2004-12-22,8.0225,8.12,7.9875,8.075,7.648319,3525200
2004-12-23,8.0825,8.0875,7.9775,8.02,7.596224,769600
2004-12-27,8.0225,8.1125,7.93,7.9925,7.570177,1089600
2004-12-28,7.995,8.105,7.995,8.0675,7.641214,698000
2004-12-29,8.07,8.22,8.05,8.21,7.776186,1451200
2004-12-30,8.25,8.33,8.2,8.2975,7.859062,1684400
2004-12-31,8.3,8.4175,8.27,8.3725,7.930099,1701600
2005-01-03,8.425,8.5,8.18,8.2,7.766713,2088400
2005-01-04,8.2,8.2275,7.7925,7.815,7.402057000000001,1828800
2005-01-05,7.815,7.8175,7.535,7.6375,7.233936,4795200
2005-01-06,7.675,7.8,7.4,7.475,7.0800220000000005,2708000
2005-01-07,7.5,7.5625,7.4425,7.4425,7.049239,974400
2005-01-10,7.3875,7.5175,7.3775,7.4375,7.044503999999999,1193600
2005-01-11,7.475,7.6675,7.45,7.6025,7.200785000000001,1572400
2005-01-12,7.5875,7.5875,7.3975,7.545,7.146323,1717200
2005-01-13,7.545,7.6625,7.445,7.4625,7.068182000000001,1104800
2005-01-14,7.525,7.7,7.5125,7.685,7.278927,971200
2005-01-18,7.7625,7.9975,7.72,7.8375,7.423367999999999,1997200
2005-01-19,7.8575,7.8575,7.5425,7.57,7.170002,1861200
2005-01-20,7.5725,7.65,7.38,7.405,7.013721,1743200
2005-01-21,7.4125,7.5,7.21,7.215,6.833761,2292000
2005-01-24,7.2175,7.2175,6.8625,6.915,6.549612000000001,3212800
2005-01-25,6.9175,7.2125,6.9175,7.0475,6.675111,1862000
2005-01-26,7.1325,7.2125,7.09,7.1875,6.807713000000001,1420800
2005-01-27,7.17,7.1975,7.09,7.1575,6.779298,972400
2005-01-28,7.3625,7.3875,7.165,7.26,6.876382,1920000
2005-01-31,7.375,7.4475,7.2875,7.4475,7.053976,1491200
2005-02-01,7.4075,7.425,7.2975,7.38,6.990042,1439200
2005-02-02,7.3625,7.55,7.31,7.4725,7.077653999999999,1872400
2005-02-03,7.55,7.63,7.415,7.52,7.122644,1991200
2005-02-04,7.5225,7.7175,7.5175,7.625,7.2220960000000005,1818000
2005-02-07,7.675,7.98,7.675,7.7875,7.376009,2036400
2005-02-08,7.8,7.805,7.495,7.555,7.1557949999999995,1056000
2005-02-09,7.6,7.6425,7.23,7.28,6.895325,1600400
2005-02-10,7.28,7.3625,7.1375,7.2775,6.892958,709600
2005-02-11,7.2875,7.35,7.125,7.35,6.961627,1548800
2005-02-14,7.35,7.3775,7.285,7.365,6.975834,810000
2005-02-15,7.4125,7.4425,7.2225,7.3175,6.9308440000000004,791200
2005-02-16,7.3175,7.3425,7.2225,7.2525,6.869280000000001,938800
2005-02-17,7.255,7.3375,7.1625,7.19,6.810080999999999,850000
2005-02-18,7.175,7.225,7.1125,7.15,6.772195,578800
2005-02-22,7.0875,7.175,7.035,7.0375,6.66564,1069200
2005-02-23,7.0775,7.1575,7.025,7.11,6.734309,1212400
2005-02-24,7.1175,7.295,7.05,7.2425,6.859808,934000
2005-02-25,7.2625,7.41,7.1275,7.385,6.994777,947200
2005-02-28,7.375,7.375,7.0575,7.09,6.715366,1142400
2005-03-01,7.15,7.5375,7.15,7.5125,7.115541,1864000
2005-03-02,7.4875,7.5,7.2575,7.2575,6.874014999999999,976800
2005-03-03,7.2875,7.5025,7.21,7.4875,7.091861,1242000
2005-03-04,7.53,7.7075,7.515,7.6,7.198416,812400
2005-03-07,7.6,7.835,7.55,7.675,7.269454,1228400
2005-03-08,7.675,7.7475,7.4125,7.42,7.027928,3018000
2005-03-09,7.42,7.525,7.325,7.38,6.990042,1429200
2005-03-10,7.3825,7.3825,7.24,7.25,6.866911,1180400
2005-03-11,7.275,7.3775,7.195,7.37,6.980569999999999,980800
2005-03-14,7.4325,7.5625,7.4025,7.425,7.032664,883200
2005-03-15,7.4875,7.555,7.3675,7.3675,6.9782020000000005,1094800
2005-03-16,7.37,7.4025,7.12,7.1825,6.8029779999999995,1667600
2005-03-17,7.2325,7.3175,7.115,7.3,6.914269,1188000
2005-03-18,7.3375,7.3375,7.1125,7.1625,6.784035,1169600
2005-03-21,7.16,7.2575,7.0725,7.2075,6.826657000000001,969600
2005-03-22,7.1875,7.435,7.1875,7.22,6.838496000000001,1618800
2005-03-23,7.24,7.525,7.15,7.4,7.008986,1369200
2005-03-24,7.37,7.4125,7.3075,7.3075,6.921372,856000
2005-03-28,7.33,7.41,7.2425,7.25,6.866911,557200
2005-03-29,7.275,7.35,7.1375,7.25,6.866911,898400
2005-03-30,7.345,7.5225,7.3325,7.485,7.089494999999999,6028000
2005-03-31,7.4875,7.4875,7.3475,7.36,6.971099000000001,2314400
2005-04-01,7.36,7.4825,7.285,7.3475,6.9592600000000004,1037200
2005-04-04,7.3225,7.4975,7.2275,7.425,7.032664,1425200
2005-04-05,7.48,7.7025,7.48,7.6575,7.252878999999999,1486800
2005-04-06,7.7475,7.8525,7.7175,7.8375,7.423367999999999,1465200
2005-04-07,7.825,7.85,7.725,7.75,7.340489999999999,4256400
2005-04-08,7.785,7.875,7.695,7.695,7.288398,1221200
2005-04-11,7.7125,7.765,7.5375,7.5625,7.162897999999999,1274000
2005-04-12,7.55,7.715,7.39,7.715,7.307339999999999,1428400
2005-04-13,7.74,7.8675,7.625,7.6475,7.243407,1109600
2005-04-14,7.6475,7.7475,7.5175,7.5375,7.13922,1594400
2005-04-15,7.5375,7.665,7.5,7.5,7.103702,1594800
2005-04-18,7.5,7.6525,7.4225,7.5175,7.120276,1316400
2005-04-19,7.4925,7.555,7.46,7.525,7.1273800000000005,1893200
2005-04-20,7.525,7.525,7.2725,7.2725,6.888223,1870400
2005-04-21,7.275,7.2975,7.0625,7.2325,6.850336,2410000
2005-04-22,7.2,7.2,6.8325,6.895,6.5306690000000005,1787600
2005-04-25,6.95,6.9925,6.905,6.92,6.554347999999999,1329600
2005-04-26,6.92,6.9275,6.745,6.7875,6.428849,1154000
2005-04-27,6.75,6.7725,6.575,6.725,6.369651,1760000
2005-04-28,6.6925,6.8,6.63,6.6425,6.291512,1418000
2005-04-29,6.68,6.6825,6.3875,6.6675,6.315191,1982800
2005-05-02,6.78,6.9075,6.6925,6.7825,6.424112999999999,1498000
2005-05-03,6.7875,6.885,6.7675,6.8,6.44069,1094400
2005-05-04,6.8,6.8775,6.7375,6.855,6.492782,1213600
2005-05-05,6.855,6.9075,6.7725,6.7975,6.43832,965200
2005-05-06,6.8125,6.845,6.65,6.7825,6.424112999999999,676800
2005-05-09,6.8075,6.9225,6.7525,6.92,6.554347999999999,1063200
2005-05-10,6.9025,6.9175,6.83,6.845,6.4833099999999995,1661600
2005-05-11,6.8875,6.91,6.6775,6.875,6.511726,1350800
2005-05-12,6.875,6.8875,6.67,6.7425,6.386227,1338000
2005-05-13,6.775,6.79,6.6675,6.7175,6.362547,959200
2005-05-16,6.735,6.9,6.725,6.85,6.488046,1182400
2005-05-17,6.8375,6.9075,6.83,6.86,6.4975190000000005,1309600
2005-05-18,6.9225,7.1125,6.905,7.0875,6.7129970000000005,1511200
2005-05-19,7.0875,7.1075,6.98,7.0925,6.717733,1246000
2005-05-20,7.125,7.1375,7.05,7.1075,6.731941,714400
2005-05-23,7.11,7.1625,7.085,7.12,6.74378,995200
2005-05-24,7.1225,7.125,7.035,7.055,6.682214,1044800
2005-05-25,7.0525,7.0775,6.9575,6.9725,6.604075,1071200
2005-05-26,7.0125,7.1975,7.0125,7.175,6.795875,2554800
2005-05-27,7.1925,7.2475,7.11,7.1775,6.798241,1203200
2005-05-31,7.175,7.48,7.1625,7.38,6.990042,1576400
2005-06-01,7.3875,7.525,7.28,7.415,7.023192999999999,1290800
2005-06-02,7.305,7.635,7.19,7.6125,7.210257,1407200
2005-06-03,7.5875,7.5875,7.39,7.485,7.089494999999999,7026800
2005-06-06,7.485,7.635,7.415,7.605,7.2031529999999995,1272400
2005-06-07,7.6125,7.8025,7.5775,7.68,7.274189,4566000
2005-06-08,7.7,7.8,7.5425,7.5625,7.162897999999999,2112800
2005-06-09,7.5625,7.6325,7.51,7.55,7.15106,2508800
2005-06-10,7.5525,7.71,7.55,7.7075,7.300236999999999,1384800
2005-06-13,7.615,7.6625,7.47,7.535,7.136852,1554800
2005-06-14,7.5525,7.6875,7.5425,7.6175,7.214992999999999,1427200
2005-06-15,7.6425,7.6625,7.5525,7.6575,7.252878999999999,1217200
2005-06-16,7.6375,7.6725,7.5625,7.65,7.245775,624800
2005-06-17,7.65,7.71,7.5375,7.5975,7.196049,1834400
2005-06-20,7.5725,7.665,7.465,7.6,7.198416,1496000
2005-06-21,7.6125,7.7125,7.505,7.6975,7.2907660000000005,1098800
2005-06-22,7.6975,7.725,7.625,7.7125,7.3049729999999995,749200
2005-06-23,7.675,7.75,7.42,7.44,7.0468720000000005,1382000
2005-06-24,7.45,7.4525,7.285,7.335,6.947419,1068000
2005-06-27,7.3625,7.365,7.21,7.29,6.9047979999999995,1285600
2005-06-28,7.3375,7.6475,7.3375,7.625,7.2220960000000005,1065600
2005-06-29,7.6325,7.7525,7.5125,7.6225,7.219728,630400
2005-06-30,7.625,7.64,7.4375,7.4375,7.044503999999999,911600
2005-07-01,7.475,7.54,7.355,7.4275,7.035033,914000
2005-07-05,7.4325,7.5175,7.3625,7.455,7.061078,741600
2005-07-06,7.455,7.5575,7.4,7.45,7.056342999999999,901600
2005-07-07,7.375,7.47,7.2225,7.39,6.999513,1060000
2005-07-08,7.375,7.695,7.3175,7.645,7.241039,1254000
2005-07-11,7.6575,7.855,7.6575,7.745,7.335755000000001,1146400
2005-07-12,7.7,7.7625,7.5375,7.73,7.321548,1560000
2005-07-13,7.745,7.8925,7.73,7.87,7.45415,1186400
2005-07-14,7.9275,8.01,7.835,7.865,7.449414,1425600
2005-07-15,7.865,8.0425,7.795,8.0325,7.608065,3274000
2005-07-18,8.0,8.305,8.0,8.14,7.709884,2046400
2005-07-19,8.175,8.2125,8.1125,8.1475,7.716987,945600
2005-07-20,8.425,8.6175,8.28,8.555,8.102955999999999,3076400
2005-07-21,8.545,8.645,8.35,8.3625,7.9206259999999995,1645600
2005-07-22,8.15,8.3775,8.15,8.3125,7.8732690000000005,1849600
2005-07-25,8.335,8.4925,8.325,8.325,7.885108,1366400
2005-07-26,8.3275,8.5875,8.3275,8.52,8.069805,1583600
2005-07-27,8.4875,8.565,8.36,8.43,7.984560000000001,1192400
2005-07-28,8.4375,8.625,8.435,8.59,8.136105,1086800
2005-07-29,8.565,8.75,8.565,8.745,8.282915,2039600
2005-08-01,8.5125,8.875,8.5125,8.81,8.344483,1648000
2005-08-02,8.825,8.9,8.71,8.775,8.31133,1422800
2005-08-03,8.75,8.93,8.74,8.88,8.410782000000001,1539600
2005-08-04,8.8375,8.8825,8.5875,8.6175,8.162151,1181200
2005-08-05,8.63,8.7275,8.35,8.445,7.998767999999999,1051200
2005-08-08,8.4475,8.4725,8.2475,8.4225,7.977455,1239200
2005-08-09,8.4475,8.4725,8.31,8.3575,7.915889,1245600
2005-08-10,8.3525,8.6625,8.3175,8.3925,7.949039999999999,1668400
2005-08-11,8.39,8.3925,8.235,8.325,7.885108,1444400
2005-08-12,8.3225,8.325,8.095,8.3,7.861428999999999,1412000
2005-08-15,8.275,8.52,8.19,8.44,7.99403,1606000
2005-08-16,8.4625,8.6725,8.4175,8.5775,8.124267999999999,1915600
2005-08-17,8.5825,8.85,8.4575,8.8425,8.375262,2374800
2005-08-18,8.775,8.8125,8.61,8.61,8.155047,2380400
2005-08-19,8.6075,8.6525,8.4275,8.4275,7.982193,949200
2005-08-22,8.4475,8.6275,8.395,8.5,8.05086,1148000
2005-08-23,8.5,8.56,8.4075,8.475,8.027182,3150400
2005-08-24,8.4625,8.5625,8.3675,8.4025,7.958514999999999,1296400
2005-08-25,8.465,8.535,8.325,8.445,7.998767999999999,1405200
2005-08-26,8.465,8.6125,8.4375,8.51,8.060333,1308400
2005-08-29,8.46,8.4625,8.3675,8.4475,8.001138000000001,1381600
2005-08-30,8.45,8.4925,8.15,8.24,7.804601,1435200
2005-08-31,8.25,8.47,8.1825,8.43,7.984560000000001,1623200
2005-09-01,8.43,8.4475,8.185,8.215,7.780921,6332400
2005-09-02,8.195,8.35,8.12,8.1725,7.740667,1302400
2005-09-06,8.1725,8.24,8.03,8.1125,7.683838000000001,1730800
2005-09-07,8.1475,8.25,8.07,8.22,7.7856559999999995,1094000
2005-09-08,8.175,8.175,8.035,8.09,7.662527000000001,1381200
2005-09-09,8.08,8.08,7.8925,8.005,7.582017,1242400
2005-09-12,8.005,8.35,7.9725,8.2425,7.806966,1850400
2005-09-13,8.25,8.25,7.9875,7.9875,7.565442999999999,1443600
2005-09-14,7.99,8.045,7.8,7.81,7.397321000000001,1300400
2005-09-15,7.81,7.9525,7.7725,7.81,7.397321000000001,1980400
2005-09-16,7.8125,7.895,7.7275,7.895,7.477828999999999,1683600
2005-09-19,7.895,7.895,7.635,7.6775,7.271822,1203200
2005-09-20,7.725,7.81,7.64,7.655,7.250511,1122400
2005-09-21,7.655,7.655,7.21,7.27,6.885853,3072000
2005-09-22,7.27,7.5925,7.2175,7.5,7.103702,1859200
2005-09-23,7.5025,7.6425,7.425,7.54,7.1415869999999995,1305200
2005-09-26,7.54,7.6,7.4375,7.4975,7.101334,2067600
2005-09-27,7.48,7.595,7.38,7.5125,7.115541,1367200
2005-09-28,7.5625,7.5825,7.4025,7.4075,7.016089,1009200
2005-09-29,7.3625,7.3625,7.095,7.1375,6.760356,3140800
2005-09-30,7.125,7.305,7.125,7.265,6.881117999999999,1762400
2005-10-03,7.3475,7.3675,7.285,7.3375,6.949788000000001,870400
2005-10-04,7.335,7.585,7.335,7.3475,6.9592600000000004,1345600
2005-10-05,7.3625,7.3775,7.1775,7.2375,6.855072,1422400
2005-10-06,7.3,7.4825,7.2675,7.4275,7.035033,1723200
2005-10-07,7.43,7.505,7.245,7.4425,7.049239,927200
2005-10-10,7.445,7.5375,7.305,7.34,6.952156,1064400
2005-10-11,7.35,7.37,7.0575,7.1,6.724837,1407600
2005-10-12,7.1025,7.23,7.055,7.205,6.824289,2887200
2005-10-13,7.2075,7.2875,7.1,7.2175,6.836129,1521600
2005-10-14,7.27,7.425,7.165,7.4025,7.011353,1223200
2005-10-17,7.4025,7.4525,7.23,7.33,6.942684,995200
2005-10-18,7.3325,7.405,7.25,7.29,6.9047979999999995,2318000
2005-10-19,7.2925,7.3975,7.1125,7.375,6.985306,2204000
2005-10-20,7.5,7.6,7.2525,7.335,6.947419,3105600
2005-10-21,7.3475,7.5975,7.3475,7.505,7.1084369999999995,1720400
2005-10-24,7.5975,7.76,7.5,7.755,7.345228,1554800
2005-10-25,7.75,7.75,7.45,7.515,7.117908,1924800
2005-10-26,7.4975,7.5625,7.405,7.49,7.0942300000000005,1420800
2005-10-27,7.4925,7.4925,7.3275,7.3925,7.001881,1536800
2005-10-28,7.4375,7.5825,7.395,7.5,7.103702,888000
2005-10-31,7.555,7.9375,7.5375,7.8825,7.465991000000001,2008400
2005-11-01,7.8625,7.9475,7.785,7.805,7.392583999999999,1396000
2005-11-02,7.9,8.345,7.895,8.345,7.904050999999999,4444800
2005-11-03,8.345,8.35,8.1625,8.21,7.776186,1812000
2005-11-04,8.2225,8.2925,8.1375,8.285,7.84722,1073600
2005-11-07,8.305,8.4375,8.2475,8.4225,7.977455,1490400
2005-11-08,8.4225,8.425,8.1825,8.2175,7.783286,1330800
2005-11-09,8.2875,8.36,8.1775,8.305,7.866167,1854400
2005-11-10,8.35,8.625,8.3375,8.5725,8.119530000000001,2487200
2005-11-11,8.5575,8.72,8.555,8.64,8.183465,1526800
2005-11-14,8.64,8.675,8.415,8.545,8.093484,1884400
2005-11-15,8.5475,8.665,8.3875,8.3875,7.944307000000001,1647600
2005-11-16,8.45,8.5175,8.215,8.51,8.060333,1435600
2005-11-17,8.5475,8.8275,8.5475,8.8275,8.361055,1768400
2005-11-18,8.9125,8.9125,8.6,8.7675,8.304226,2325600
2005-11-21,8.8675,8.87,8.6275,8.7375,8.275812,1576400
2005-11-22,8.6775,8.69,8.45,8.5825,8.129004,1655200
2005-11-23,8.6,8.8725,8.6,8.82,8.353951,1949600
2005-11-25,8.82,8.8625,8.8025,8.825,8.358688,698400
2005-11-28,8.9125,8.9825,8.735,8.735,8.273444,1724400
2005-11-29,8.7575,8.8575,8.74,8.7875,8.32317,1243200
2005-11-30,8.7875,8.875,8.775,8.8075,8.342113000000001,1599600
2005-12-01,8.8575,9.17,8.8375,9.1175,8.635734,1947600
2005-12-02,9.14,9.355,9.14,9.3325,8.839373,2386000
2005-12-05,9.3075,9.31,9.2,9.2525,8.763598,1888800
2005-12-06,9.3,9.45,9.24,9.33,8.837006,3634800
2005-12-07,9.3325,9.465,9.2225,9.34,8.846477,1679600
2005-12-08,9.375,9.375,9.135,9.1825,8.697296000000001,6687200
2005-12-09,9.2125,9.225,8.95,9.1075,8.626261,1546400
2005-12-12,9.1075,9.195,9.0325,9.1375,8.654675,1130000
2005-12-13,8.8125,8.83,8.69,8.785,8.320801,3237200
2005-12-14,8.82,8.875,8.7875,8.8225,8.356322,2592000
2005-12-15,8.9,9.055,8.855,9.04,8.562327,2531600
2005-12-16,9.04,9.245,9.0325,9.1875,8.702033,4201600
2005-12-19,9.1375,9.1375,8.905,8.905,8.434461,1544000
2005-12-20,8.9875,9.0025,8.7825,8.89,8.420253,1954400
2005-12-21,8.93,8.9875,8.8225,8.875,8.406046,2329600
2005-12-22,8.85,8.92,8.7625,8.9125,8.441566,1795200
2005-12-23,8.9125,9.01,8.795,8.835,8.368160000000001,1471200
2005-12-27,9.0,9.16,8.8375,8.8525,8.384736,2116400
2005-12-28,8.8525,8.9375,8.51,8.8525,8.384736,1740000
2005-12-29,8.95,9.0825,8.95,9.025,8.548119,1877200
2005-12-30,9.025,9.025,8.81,8.93,8.458141,1016000
2006-01-03,8.9575,8.96,8.6425,8.8125,8.346849,2075600
2006-01-04,8.875,9.0475,8.8725,8.9875,8.512601,2772800
2006-01-05,9.0075,9.0075,8.7725,8.89,8.420253,4323600
2006-01-06,8.89,8.89,8.67,8.815,8.349216,1547200
2006-01-09,8.7525,8.9875,8.7375,8.9575,8.484185,1998800
2006-01-10,8.925,8.9425,8.805,8.885,8.415519999999999,877200
2006-01-11,8.925,8.925,8.325,8.3375,7.896947999999999,3300000
2006-01-12,7.95,8.14,7.905,8.05,7.624639,9614800
2006-01-13,8.105,8.1575,7.815,7.935,7.5157169999999995,4072800
2006-01-17,7.775,7.82,7.51,7.575,7.174739,3967600
2006-01-18,7.5125,7.8425,7.4625,7.715,7.307339999999999,3000000
2006-01-19,7.715,7.9275,7.6875,7.72,7.312075,2928000
2006-01-20,7.7375,7.75,7.475,7.5125,7.115541,3000400
2006-01-23,7.55,7.6725,7.5125,7.645,7.241039,1922800
2006-01-24,7.725,7.9025,7.725,7.845,7.430472,2392000
2006-01-25,7.87,7.9,7.675,7.82,7.4067929999999995,2310000
2006-01-26,7.85,7.9225,7.6875,7.705,7.297869,3328000
2006-01-27,7.75,7.75,7.5,7.6125,7.210257,2585600
2006-01-30,7.6925,7.7725,7.58,7.615,7.212624000000001,2555200
2006-01-31,7.9,8.035,7.805,7.9825,7.560707000000001,3661200
2006-02-01,8.0175,8.0475,7.7375,7.8425,7.428103999999999,2073600
2006-02-02,7.875,8.04,7.825,7.9825,7.560707000000001,2375200
2006-02-03,7.95,7.9525,7.77,7.8975,7.480199000000001,1759200
2006-02-06,7.895,7.895,7.6625,7.7225,7.314445,1777600
2006-02-07,7.7475,7.7475,7.5875,7.6325,7.229199,1485600
2006-02-08,7.6325,7.7725,7.6325,7.7575,7.347594,1649200
2006-02-09,7.8075,7.935,7.75,7.89,7.473094000000001,1876800
2006-02-10,7.93,7.975,7.785,7.9375,7.518084,1667600
2006-02-13,7.9525,8.08,7.85,7.8875,7.470725999999999,1632800
2006-02-14,7.9125,8.1775,7.8925,8.1225,7.693307000000001,3746800
2006-02-15,8.12,8.2325,8.05,8.2125,7.778553,4960400
2006-02-16,8.215,8.2775,8.1675,8.2175,7.783286,3310000
2006-02-17,7.98,8.215,7.98,8.0125,7.589119999999999,1309200
2006-02-21,7.975,8.0,7.8225,7.875,7.458887,1182400
2006-02-22,7.9375,8.0425,7.8675,8.0,7.577281,1132800
2006-02-23,8.0625,8.1875,8.0175,8.06,7.634111,2466800
2006-02-24,8.0,8.02,7.825,7.92,7.5015089999999995,1604000
2006-02-27,7.975,8.1525,7.975,8.09,7.662527000000001,1508400
2006-02-28,8.065,8.0975,7.945,8.0125,7.589119999999999,2072000
2006-03-01,8.05,8.0725,7.895,7.9775,7.555969999999999,2074800
2006-03-02,7.96,7.98,7.7575,7.81,7.397321000000001,2265200
2006-03-03,7.7975,7.8,7.575,7.5975,7.196049,3613600
2006-03-06,7.36,7.6425,7.36,7.52,7.122644,2084400
2006-03-07,7.5075,7.67,7.4375,7.5725,7.17237,2476800
2006-03-08,7.5725,7.7425,7.525,7.7075,7.300236999999999,2665600
2006-03-09,7.7025,7.715,7.4525,7.52,7.122644,2030800
2006-03-10,7.57,7.61,7.5075,7.585,7.184209,1373200
2006-03-13,7.65,7.765,7.5375,7.5725,7.17237,2275200
2006-03-14,7.5875,7.7475,7.5875,7.715,7.307339999999999,2149600
2006-03-15,7.72,7.775,7.65,7.72,7.312075,3337200
2006-03-16,7.8125,7.9175,7.8075,7.91,7.492037,2740400
2006-03-17,7.9625,8.1,7.925,8.095,7.667261999999999,4505200
2006-03-20,8.1125,8.4075,8.1,8.3825,7.93957,5998800
2006-03-21,8.45,8.61,8.41,8.44,7.99403,5441600
2006-03-22,8.44,8.685,8.44,8.6725,8.214248,4935600
2006-03-23,8.675,8.6875,8.5125,8.56,8.107692,6555200
2006-03-24,8.57,8.6475,8.5475,8.585,8.131371000000001,3514000
2006-03-27,8.625,8.805,8.6225,8.7525,8.290019000000001,3839200
2006-03-28,8.755,8.7575,8.5825,8.595,8.140841,5042800
2006-03-29,8.645,8.8725,8.6125,8.86,8.391839,2925600
2006-03-30,8.8625,8.885,8.6725,8.775,8.31133,3682400
2006-03-31,8.8125,8.9875,8.8125,8.8625,8.394207000000002,4160400
2006-04-03,8.975,8.975,8.65,8.705,8.245028,4545200
2006-04-04,8.7575,8.86,8.675,8.7725,8.308962,3015200
2006-04-05,8.7725,8.825,8.645,8.71,8.249766000000001,1666800
2006-04-06,8.71,8.75,8.575,8.745,8.282915,1996800
2006-04-07,8.8225,8.925,8.7375,8.815,8.349216,2635200
2006-04-10,8.79,8.8225,8.6425,8.7,8.240293,3270400
2006-04-11,8.7,8.74,8.5,8.53,8.079275,2016000
2006-04-12,8.625,8.675,8.465,8.57,8.117163,1155200
2006-04-13,8.5725,8.9825,8.55,8.8025,8.337378,1895200
2006-04-17,8.97,9.0125,8.6325,8.6625,8.204774,3805600
2006-04-18,8.6575,9.04,8.625,8.87,8.401311,2996400
2006-04-19,8.8875,9.01,8.7525,8.85,8.382366000000001,2292400
2006-04-20,9.375,9.375,9.125,9.2625,8.773071,5373600
2006-04-21,9.375,9.5975,9.375,9.4375,8.938824,4970000
2006-04-24,9.425,9.6225,9.315,9.5725,9.066689,4569200
2006-04-25,9.5375,9.78,9.4225,9.63,9.121153,3690800
2006-04-26,9.6425,9.74,9.485,9.535,9.031171,2404000
2006-04-27,9.545,9.8425,9.525,9.6775,9.166142,1935200
2006-04-28,9.615,9.615,9.41,9.49,8.98855,3345200
2006-05-01,9.49,9.59,9.3,9.3475,8.853579,3424400
2006-05-02,9.5875,9.9375,9.54,9.87,9.348471,4444400
2006-05-03,9.8875,9.8925,9.6875,9.86,9.338999000000001,5021200
2006-05-04,9.9225,9.975,9.8675,9.93,9.405298,2620000
2006-05-05,9.905,9.955,9.865,9.9375,9.412402,1761600
2006-05-08,9.9775,10.0925,9.86,9.92,9.395828,1939600
2006-05-09,9.9525,10.1225,9.95,10.1075,9.57342,2118000
2006-05-10,10.0675,10.135,9.7825,9.845,9.324794,2179200
2006-05-11,9.825,9.825,9.595,9.595,9.088002000000001,2256800
2006-05-12,9.595,9.69,9.3575,9.375,8.879624,2630000
2006-05-15,9.45,9.905,9.445,9.855,9.334261999999999,2884000
2006-05-16,9.855,9.9,9.35,9.3975,8.900936999999999,2424800
2006-05-17,9.3825,9.5425,9.1625,9.2525,8.763598,3185200
2006-05-18,9.3025,9.5125,9.24,9.2525,8.763598,1359600
2006-05-19,9.275,9.565,9.21,9.4925,8.990919,3163200
2006-05-22,9.45,9.5875,9.3975,9.4925,8.990919,3532400
2006-05-23,9.575,9.8125,9.575,9.645,9.135358,3161200
2006-05-24,9.71,9.725,9.45,9.515,9.012229,2903600
2006-05-25,9.6125,9.65,9.5,9.52,9.016964999999999,2084400
2006-05-26,9.6,9.76,9.5375,9.6275,9.118783,2990400
2006-05-30,9.63,9.75,9.3525,9.38,8.884361,3476800
2006-05-31,9.445,9.75,9.445,9.685,9.173247,3459200
2006-06-01,9.7475,9.9975,9.7475,9.9575,9.431348,1836000
2006-06-02,9.955,9.975,9.7475,9.825,9.305846,2006800
2006-06-05,9.775,9.7775,9.5125,9.5675,9.061954,3327200
2006-06-06,9.6625,9.7475,9.335,9.6675,9.156671000000001,2606800
2006-06-07,9.7525,9.95,9.66,9.6875,9.175614,2886800
2006-06-08,9.66,9.66,9.115,9.4625,8.962501,2955200
2006-06-09,9.4625,9.65,9.39,9.4125,8.915146,1156800
2006-06-12,9.47,9.47,8.945,8.955,8.481817999999999,2428000
2006-06-13,8.955,9.0475,8.6575,8.7275,8.26634,4010000
2006-06-14,8.755,9.0725,8.755,8.99,8.514969,2067600
2006-06-15,8.99,9.56,8.91,9.4975,8.995650999999999,2427200
2006-06-16,9.5,9.7475,9.4275,9.5,8.998021000000001,3606000
2006-06-19,9.55,9.65,9.41,9.46,8.960135000000001,2232000
2006-06-20,9.47,9.8575,9.4525,9.675,9.163774,1977200
2006-06-21,9.675,9.9325,9.6525,9.755,9.23955,1894000
2006-06-22,9.7125,9.845,9.635,9.78,9.263225,2240400
2006-06-23,9.73,9.81,9.58,9.7375,9.22297,1357600
2006-06-26,9.7625,9.8725,9.585,9.84,9.320055,1853600
2006-06-27,9.85,9.8975,9.47,9.505,9.002757,2075200
2006-06-28,9.55,9.59,9.1425,9.2725,8.782544,3166000
2006-06-29,9.35,9.83,9.3325,9.81,9.29164,2282400
2006-06-30,9.815,9.855,9.4825,9.855,9.334261999999999,3097200
2006-07-03,9.8875,9.8875,9.685,9.7675,9.251388,1015200
2006-07-05,9.75,9.9275,9.485,9.87,9.348471,2550400
2006-07-06,9.875,9.895,9.575,9.635,9.125888,2226000
2006-07-07,9.5975,9.8025,9.455,9.6425,9.132991,1888800
2006-07-10,9.725,10.05,9.7,9.9275,9.402931,2429200
2006-07-11,9.875,9.9125,9.625,9.9075,9.383989999999999,2513600
2006-07-12,9.875,9.9625,9.5875,9.65,9.140095,1607200
2006-07-13,9.625,9.625,9.025,9.05,8.571800999999999,2227600
2006-07-14,9.0175,9.0175,8.4325,8.49,8.041389,4808000
2006-07-17,8.49,8.72,8.4,8.6,8.145579,2906000
2006-07-18,8.5875,8.8025,8.51,8.7825,8.318435000000001,3341200
2006-07-19,8.865,9.17,8.8225,9.1425,8.659411,3344800
2006-07-20,9.1425,9.1475,8.8175,8.8425,8.375262,3127600
2006-07-21,8.8425,8.8425,8.5225,8.69,8.230823,2243600
2006-07-24,8.85,9.02,8.8,8.975,8.500763000000001,1982000
2006-07-25,8.9775,9.35,8.925,9.34,8.846477,3296400
2006-07-26,9.465,9.6,9.2875,9.535,9.031171,3606000
2006-07-27,10.2725,10.2725,9.2025,9.3075,8.815691000000001,2450800
2006-07-28,9.3875,9.7025,9.3225,9.6975,9.185086,1945200
2006-07-31,9.5975,9.6,9.2675,9.2825,8.792014,1964400
2006-08-01,9.2125,9.215,8.905,8.95,8.477084,2256000
2006-08-02,9.0,9.18,8.985,9.1325,8.649939999999999,2459200
2006-08-03,9.07,9.6375,9.0075,9.5875,9.080895,2268000
2006-08-04,9.695,9.8,9.2525,9.4425,8.94356,2607200
2006-08-07,9.285,9.405,9.14,9.325,8.832268,1606000
2006-08-08,9.3875,9.4375,9.075,9.09,8.609686,991600
2006-08-09,9.175,9.18,8.7275,8.75,8.287651,2747200
2006-08-10,8.7,9.1375,8.5,9.0125,8.536280999999999,3413200
2006-08-11,9.01,9.035,8.5225,8.585,8.131371000000001,1996800
2006-08-14,8.7625,8.9975,8.7625,8.8925,8.422621000000001,2755600
2006-08-15,9.0625,9.16,8.985,9.06,8.581271000000001,1926400
2006-08-16,9.1525,9.38,9.1425,9.3725,8.877259,1228400
2006-08-17,9.3725,9.5,9.3075,9.3975,8.900936999999999,2039600
2006-08-18,9.3975,9.3975,9.0825,9.185,8.699667,1238000
2006-08-21,9.125,9.125,8.905,9.045,8.567063000000001,995200
2006-08-22,8.99,9.075,8.815,8.9475,8.474716,2562400
2006-08-23,8.9875,9.135,8.9075,9.125,8.642837,1760800
2006-08-24,9.1725,9.1725,8.9625,9.0525,8.574166,1302800
2006-08-25,9.0375,9.0825,8.925,8.95,8.477084,1028400
2006-08-28,9.01,9.27,8.9625,9.1575,8.67362,1090000
2006-08-29,9.25,9.4475,9.15,9.3,8.808589,1495200
2006-08-30,9.275,9.52,9.2025,9.4325,8.934086,1174000
2006-08-31,9.45,9.575,9.375,9.4675,8.967239,1116000
2006-09-01,9.5175,9.5225,9.32,9.4375,8.938824,548800
2006-09-05,9.5275,9.625,9.4325,9.5025,9.000389,1893200
2006-09-06,9.4525,9.455,9.2,9.2225,8.735185000000001,1304400
2006-09-07,9.2,9.335,9.015,9.1325,8.649939999999999,1514400
2006-09-08,9.135,9.26,8.9675,9.23,8.742289,1884000
2006-09-11,9.185,9.1875,8.815,9.0775,8.597847999999999,2055200
2006-09-12,9.0775,9.305,9.0625,9.2375,8.749392,3990000
2006-09-13,9.285,9.52,9.2825,9.49,8.98855,3424800
2006-09-14,9.425,9.6025,9.375,9.4875,8.986181,2761200
2006-09-15,9.51,9.6125,9.37,9.4,8.903305,2830000
2006-09-18,9.3325,9.48,9.195,9.23,8.742289,1675600
2006-09-19,9.225,9.605,9.2125,9.57,9.064322,2147200
2006-09-20,9.655,9.8425,9.6325,9.735,9.220603,1604000
2006-09-21,9.735,9.82,9.405,9.425,8.926986,1734800
2006-09-22,9.34,9.57,9.32,9.505,9.002757,1075600
2006-09-25,9.6,9.75,9.39,9.7425,9.227711,1510800
2006-09-26,9.7625,9.8725,9.6575,9.82,9.301113,1036800
2006-09-27,9.795,9.91,9.5975,9.6975,9.185086,1217200
2006-09-28,9.7,9.7975,9.475,9.6175,9.109314,774400
2006-09-29,9.6575,9.81,9.4975,9.51,9.007492999999998,1298400
2006-10-02,9.5675,9.8725,9.505,9.76,9.244284,1376800
2006-10-03,9.86,10.34,9.845,10.2075,9.668139,3817600
2006-10-04,10.2075,10.5225,10.205,10.48,9.926239,3906400
2006-10-05,10.43,10.4325,10.1325,10.3675,9.819684,2841600
2006-10-06,10.2875,10.3475,10.0575,10.1375,9.601837,1955600
2006-10-09,10.075,10.17,9.865,10.12,9.58526,2042400
2006-10-10,10.1825,10.325,10.095,10.28,9.736806,2959600
2006-10-11,10.2625,10.3,10.0825,10.215,9.675241,2469600
2006-10-12,10.265,10.6875,10.255,10.65,10.087255,2252000
2006-10-13,10.6525,10.6525,10.4025,10.52,9.964126,1709600
2006-10-16,10.565,10.805,10.415,10.415,9.864674,1620400
2006-10-17,10.3025,10.4025,10.09,10.26,9.717864,3486400
2006-10-18,10.3725,10.5425,10.1475,10.53,9.973596,2198000
2006-10-19,10.5325,10.6625,10.3375,10.375,9.826788,2292800
2006-10-20,10.41,10.995,10.375,10.8275,10.255376,2864000
2006-10-23,11.2475,11.4625,10.995,11.14,10.551364,6408000
2006-10-24,10.425,10.505,10.0025,10.34,9.793635,10514400
2006-10-25,10.34,10.34,9.7625,9.9125,9.388722,4504400
2006-10-26,9.915,10.35,9.915,10.23,9.689447999999999,2402800
2006-10-27,10.23,10.23,9.955,9.995,9.466866,2479200
2006-10-30,10.065,10.2825,10.04,10.215,9.675241,2463200
2006-10-31,10.315,10.3625,9.96,10.0375,9.507121000000001,2602800
2006-11-01,10.0875,10.1125,9.84,9.8625,9.341365,2262000
2006-11-02,9.7875,9.8625,9.61,9.64,9.130623,2505200
2006-11-03,9.6525,9.7375,9.5,9.5675,9.061954,1955200
2006-11-06,9.6175,9.9825,9.5875,9.93,9.405298,2041200
2006-11-07,9.93,10.2025,9.925,10.1025,9.568686,1928800
2006-11-08,10.0775,10.1625,9.77,9.9725,9.445555,2965600
2006-11-09,9.8,9.8725,9.6825,9.81,9.29164,2006400
2006-11-10,9.8725,10.1225,9.8525,10.1125,9.578158,1848800
2006-11-13,10.2375,10.4325,10.22,10.31,9.765222999999999,2706000
2006-11-14,10.2775,10.4125,9.945,10.4075,9.857569,2662800
2006-11-15,10.75,11.1125,10.735,10.95,10.371405000000001,4098000
2006-11-16,10.9975,11.1125,10.5925,10.8425,10.269585000000001,3854000
2006-11-17,10.8425,10.9325,10.545,10.715,10.148821,2150800
2006-11-20,10.6775,10.7075,10.4925,10.5425,9.985436,1711600
2006-11-21,10.54,10.8275,10.515,10.745,10.177235000000001,2014400
2006-11-22,10.815,10.96,10.78,10.9375,10.359564,1590400
2006-11-24,10.92,10.9725,10.7425,10.9025,10.326413,365600
2006-11-27,10.8,10.815,10.1375,10.215,9.675241,2902800
2006-11-28,10.215,10.3575,10.02,10.245,9.703656,2646800
2006-11-29,10.3575,10.48,10.03,10.2125,9.672874,2112000
2006-11-30,10.2125,10.37,10.095,10.2825,9.739173,3500400
2006-12-01,10.35,10.415,9.8425,9.995,9.466866,2417200
2006-12-04,10.0875,10.1975,9.9825,10.18,9.64209,1820400
2006-12-05,10.125,10.125,9.8475,9.9975,9.469234,2316800
2006-12-06,10.0175,10.045,9.915,9.9625,9.436083,2889600
2006-12-07,9.965,10.0375,9.73,9.7325,9.218235,6818800
2006-12-08,9.5,9.7125,9.375,9.6,9.092736,4778000
2006-12-11,9.6625,9.885,9.625,9.79,9.272697,2319200
2006-12-12,9.7,9.7,9.39,9.495,8.993286,2950400
2006-12-13,10.15,10.825,9.7,9.895,9.372150999999999,3580400
2006-12-14,9.875,10.0625,9.8275,10.005,9.476336,3364000
2006-12-15,10.1925,10.1925,10.0325,10.16,9.623147,3660400
2006-12-18,10.175,10.2175,9.9025,10.04,9.509489,2802000
2006-12-19,10.0,10.02,9.7875,9.985,9.457394,1474000
2006-12-20,9.985,10.09,9.8525,9.87,9.348471,2024400
2006-12-21,9.8725,9.9725,9.6825,9.7125,9.199292,1207200
2006-12-22,9.72,9.82,9.645,9.7625,9.246652000000001,818000
2006-12-26,9.7375,9.9625,9.6475,9.925,9.400565,902800
2006-12-27,9.9,10.045,9.86,10.04,9.509489,1374400
2006-12-28,10.015,10.1975,9.975,10.1375,9.601837,2004000
2006-12-29,10.1125,10.115,9.835,9.875,9.353206,2658400
2007-01-03,10.0625,10.3125,9.98,10.2525,9.71076,2718400
2007-01-04,10.25,10.5175,10.1375,10.4525,9.900193,2907200
2007-01-05,10.3625,10.3625,9.935,10.075,9.542638,2025600
2007-01-08,10.05,10.34,9.8925,10.2875,9.743911,2666800
2007-01-09,10.475,10.565,10.195,10.3725,9.82442,1387200
2007-01-10,10.4625,10.6825,10.375,10.61,10.049368,1640400
2007-01-11,10.6375,11.0275,10.6375,10.9825,10.402186,2423200
2007-01-12,10.9375,11.0175,10.8825,10.9775,10.39745,1548400
2007-01-16,11.05,11.13,10.975,11.1175,10.530053,2210400
2007-01-17,11.035,11.0825,10.72,10.7525,10.184339999999999,1844400
2007-01-18,10.7525,10.855,10.515,10.5475,9.990169999999999,2214800
2007-01-19,10.5525,10.73,10.3875,10.6875,10.122773,1122400
2007-01-22,10.6625,10.6875,10.37,10.485,9.930973,1694400
2007-01-23,10.44,10.445,10.2425,10.3025,9.758118,1786400
2007-01-24,10.3025,10.5825,10.25,10.4,9.850465,1707600
2007-01-25,10.4,10.4825,10.0675,10.15,9.613676,2160800
2007-01-26,10.15,10.2125,9.9525,10.1825,9.644459,2164000
2007-01-29,10.235,10.95,10.235,10.7975,10.226962,4146000
2007-01-30,10.8375,10.865,10.4375,10.4925,9.938080000000001,2335200
2007-01-31,10.4675,10.75,10.415,10.7125,10.146452,2068800
2007-02-01,10.74,10.7625,10.5825,10.7075,10.141718,1562800
2007-02-02,10.71,10.8575,10.6175,10.6525,10.089623,1436800
2007-02-05,10.6125,10.6125,10.4,10.48,9.926239,1763200
2007-02-06,10.455,10.915,10.455,10.905,10.328783999999999,2879600
2007-02-07,10.88,10.905,10.6,10.7175,10.15119,1935600
2007-02-08,10.7,10.7475,10.59,10.685,10.120408,1064400
2007-02-09,10.6825,10.7575,10.4875,10.5325,9.975963,1200400
2007-02-12,10.6375,10.79,10.5875,10.74,10.172499,1425200
2007-02-13,10.765,10.895,10.7275,10.8175,10.245903,904800
2007-02-14,10.775,11.045,10.7275,10.9575,10.378509,1520400
2007-02-15,10.9575,11.05,10.85,10.9375,10.359564,1615600
2007-02-16,10.975,11.0,10.8525,10.945,10.366667999999999,1951200
2007-02-20,10.9875,11.0925,10.75,11.025,10.442441,1319600
2007-02-21,10.9875,11.125,10.9625,11.005,10.423497,1191200
2007-02-22,11.005,11.0225,10.7875,10.925,10.347725,990400
2007-02-23,10.8875,10.8875,10.5575,10.655,10.09199,1069600
2007-02-26,10.665,10.6825,10.4425,10.605,10.044632,1613600
2007-02-27,10.4375,10.4375,10.015,10.175,9.637356,2426800
2007-02-28,10.2,10.3125,10.0525,10.25,9.708393,1903600
2007-03-01,10.025,10.2925,9.8125,10.14,9.604204,1704000
2007-03-02,10.1,10.2475,9.8425,9.8625,9.341365,3857200
2007-03-05,9.8625,9.9375,9.6525,9.66,9.149567,2258000
2007-03-06,9.7225,9.875,9.605,9.7825,9.265592999999999,1276000
2007-03-07,9.755,9.83,9.6725,9.7125,9.199292,1786000
2007-03-08,9.74,9.885,9.69,9.77,9.253755,1791600
2007-03-09,9.8225,9.9225,9.765,9.85,9.329528,1462400
2007-03-12,9.7,9.85,9.7,9.7975,9.279800999999999,1204400
2007-03-13,9.7625,9.7625,9.5475,9.58,9.073794,1797600
2007-03-14,9.595,9.625,9.14,9.47,8.969609,2982400
2007-03-15,9.5125,9.695,9.51,9.615,9.106945,1715600
2007-03-16,9.6125,9.635,9.4025,9.4425,8.94356,1746800
2007-03-19,9.48,9.66,9.4325,9.6325,9.123517999999999,1160000
2007-03-20,9.575,9.8125,9.575,9.795,9.277431,1451200
2007-03-21,9.795,10.025,9.7325,10.02,9.490542999999999,1700000
2007-03-22,9.9975,10.0125,9.7525,9.815,9.296375,2113200
2007-03-23,9.85,9.8975,9.7625,9.7875,9.270331,1433600
2007-03-26,9.7875,9.815,9.5075,9.5825,9.076162,1639200
2007-03-27,9.575,9.575,9.3825,9.4675,8.967239,1186000
2007-03-28,9.405,9.53,9.3075,9.455,8.955397999999999,2131600
2007-03-29,9.5125,9.56,9.3175,9.49,8.98855,1417200
2007-03-30,9.52,9.66,9.41,9.525,9.0217,1751600
2007-04-02,9.55,9.5875,9.3425,9.4875,8.986181,1210800
2007-04-03,9.5975,9.7475,9.55,9.59,9.083266,2324400
2007-04-04,9.5925,9.6325,9.455,9.4975,8.995650999999999,1949200
2007-04-05,9.4975,9.6625,9.47,9.645,9.135358,1172400
2007-04-09,9.515,9.5225,9.2025,9.3575,8.86305,2593600
2007-04-10,9.3575,9.3575,9.2,9.225,8.737552,1522000
2007-04-11,9.24,9.24,8.9975,9.1625,8.678353999999999,1791200
2007-04-12,9.13,9.22,8.9675,9.09,8.609686,1560000
2007-04-13,9.115,9.1525,8.9475,9.065,8.586007,2497200
2007-04-16,9.0675,9.2025,9.0175,9.0625,8.583637,1797200
2007-04-17,9.125,9.2725,9.09,9.165,8.680723,2458800
2007-04-18,9.1675,9.48,9.1675,9.4475,8.948296000000001,2497600
2007-04-19,9.4475,9.4475,9.1775,9.1975,8.711508,1873200
2007-04-20,9.3125,9.375,9.0775,9.1125,8.630995,2133200
2007-04-23,9.0625,9.1225,8.91,8.9475,8.474716,1784400
2007-04-24,8.935,8.9925,8.785,8.915,8.443933,2161600
2007-04-25,9.05,9.05,8.8025,8.95,8.477084,1866400
2007-04-26,8.95,9.375,8.8625,8.895,8.424989,2687200
2007-04-27,8.745,8.745,7.9575,7.97,7.5488669999999995,5872000
2007-04-30,8.0325,8.125,7.3775,7.4,7.008986,9348400
2007-05-01,7.39,7.4975,7.25,7.4425,7.049239,6646400
2007-05-02,7.3925,7.5875,7.3175,7.47,7.075286,6348800
2007-05-03,7.515,7.5775,7.385,7.4775,7.082389999999999,4487200
2007-05-04,7.5025,7.5625,7.455,7.5025,7.106069000000001,3722400
2007-05-07,7.605,7.68,7.425,7.45,7.056342999999999,3110000
2007-05-08,7.4025,7.4675,7.29,7.38,6.990042,3702400
2007-05-09,7.35,7.52,7.325,7.4125,7.020824,3433200
2007-05-10,7.415,7.475,7.265,7.28,6.895325,4280800
2007-05-11,7.3325,7.375,7.2475,7.32,6.933213,1971600
2007-05-14,7.325,7.3575,7.1825,7.23,6.847967999999999,1876400
2007-05-15,7.2325,7.3475,7.12,7.1325,6.755619,2247600
2007-05-16,7.135,7.2825,7.0725,7.1575,6.779298,5670800
2007-05-17,7.1325,7.2025,7.09,7.1475,6.7698279999999995,3151200
2007-05-18,7.1475,7.1925,7.0675,7.125,6.748516,3489600
2007-05-21,7.125,7.1625,7.03,7.06,6.68695,2522800
2007-05-22,7.0925,7.345,7.07,7.3,6.914269,3945600
2007-05-23,7.2325,7.2875,6.8375,6.885,6.521197,6389600
2007-05-24,6.8825,6.9275,6.79,6.88,6.516461,3822800
2007-05-25,6.905,6.9575,6.84,6.9325,6.566186999999999,2185600
2007-05-29,7.05,7.11,7.005,7.0875,6.7129970000000005,3464400
2007-05-30,7.075,7.2675,7.0025,7.2675,6.883485,3999600
2007-05-31,7.2875,7.3675,7.225,7.29,6.9047979999999995,2620400
2007-06-01,7.315,7.325,7.125,7.185,6.805345,3103200
2007-06-04,7.15,7.1525,7.0025,7.035,6.663271000000001,2700800
2007-06-05,7.035,7.075,6.94,6.9925,6.623016000000001,2529600
2007-06-06,6.9225,6.9225,6.815,6.8525,6.4904150000000005,2542000
2007-06-07,6.8525,6.8525,6.675,6.68,6.327028,2511600
2007-06-08,6.725,6.905,6.675,6.8225,6.462,2956400
2007-06-11,6.8175,6.8175,6.7,6.755,6.398067,1707200
2007-06-12,6.725,6.7925,6.58,6.615,6.265465,2325200
2007-06-13,6.695,6.695,6.475,6.6275,6.277304,4014800
2007-06-14,6.6975,6.86,6.6275,6.85,6.488046,3210000
2007-06-15,6.98,6.98,6.7175,6.7425,6.386227,3896400
2007-06-18,6.8125,6.83,6.7225,6.75,6.393330000000001,2563200
2007-06-19,6.75,6.98,6.75,6.9625,6.594602,3544400
2007-06-20,6.99,7.12,6.965,7.0475,6.675111,3008400
2007-06-21,7.02,7.0875,6.915,7.085,6.71063,1977600
2007-06-22,7.085,7.095,6.925,6.98,6.6111770000000005,2690000
2007-06-25,7.0025,7.025,6.8225,6.875,6.511726,3064000
2007-06-26,6.885,6.9125,6.72,6.73,6.374388,2346800
2007-06-27,6.665,6.7475,6.5775,6.74,6.383858999999999,2414800
2007-06-28,6.9625,7.1625,6.935,7.1025,6.7272050000000005,4257200
2007-06-29,7.115,7.12,6.9275,6.965,6.596971000000001,2610000
2007-07-02,7.0,7.1275,6.9525,7.1175,6.7414119999999995,1876800
2007-07-03,7.15,7.2225,7.11,7.1775,6.798241,2192400
2007-07-05,7.165,7.1775,7.0375,7.1225,6.746148,2592000
2007-07-06,7.105,7.2725,7.05,7.27,6.885853,1788800
2007-07-09,7.215,7.27,7.07,7.1075,6.731941,3148000
2007-07-10,7.075,7.0925,6.8525,6.87,6.50699,2229600
2007-07-11,6.85,6.8725,6.765,6.83,6.469105,2339200
2007-07-12,6.8675,6.9275,6.815,6.925,6.5590839999999995,1992000
2007-07-13,6.9,6.9075,6.815,6.85,6.488046,1584800
2007-07-16,6.785,7.0,6.7725,6.97,6.601706,2228000
2007-07-17,7.0225,7.155,6.97,7.0875,6.7129970000000005,2278400
2007-07-18,7.0275,7.16,6.995,7.09,6.715366,2317200
2007-07-19,7.215,7.25,7.08,7.0975,6.722469,2048800
2007-07-20,7.0975,7.1325,6.8275,6.9325,6.566186999999999,3014800
2007-07-23,6.94,7.005,6.84,6.9475,6.580396,2015600
2007-07-24,6.815,6.9425,6.73,6.765,6.407539,2855200
2007-07-25,6.8425,6.895,6.6225,6.7725,6.414642,2576800
2007-07-26,6.525,6.5725,5.86,6.0775,5.756366000000001,7218400
2007-07-27,6.29,6.3625,6.0225,6.125,5.801355,5824400
2007-07-30,6.1275,6.245,5.98,6.11,5.787148,3910400
2007-07-31,6.1475,6.23,5.815,5.8325,5.524311,3779200
2007-08-01,5.8675,5.9075,5.6825,5.8625,5.552726,5594800
2007-08-02,5.9375,6.0225,5.805,5.9375,5.623762999999999,3668400
2007-08-03,5.95,5.9775,5.7675,5.7875,5.481689,4700800
2007-08-06,5.83,5.85,5.5075,5.7,5.398813,4822400
2007-08-07,5.6425,5.6625,5.455,5.545,5.252003,4891200
2007-08-08,5.6375,6.0975,5.625,6.055,5.735054,6376400
2007-08-09,6.04,6.365,5.99,6.255,5.924487999999999,5726800
2007-08-10,6.15,6.3825,5.8825,6.265,5.9339580000000005,4058400
2007-08-13,6.385,6.555,6.0175,6.155,5.829771,3484400
2007-08-14,6.155,6.1875,5.96,5.98,5.664018,2472400
2007-08-15,5.995,6.0625,5.5325,5.56,5.266211,3873600
2007-08-16,5.625,5.8925,5.375,5.8725,5.562198,5324400
2007-08-17,6.115,6.165,5.8075,5.985,5.668754,3628400
2007-08-20,6.0025,6.0625,5.7525,5.85,5.540886,2009600
2007-08-21,5.815,6.1475,5.81,6.11,5.787148,2019600
2007-08-22,6.2025,6.3125,6.14,6.265,5.9339580000000005,2750800
2007-08-23,6.3075,6.32,6.11,6.18,5.85345,1562400
2007-08-24,6.195,6.375,6.1325,6.375,6.038145,1321200
2007-08-27,6.35,6.405,6.24,6.2725,5.9410620000000005,1620400
2007-08-28,6.26,6.2725,6.0325,6.0475,5.727951,1420800
2007-08-29,6.0375,6.125,5.9475,6.105,5.782412,2389600
2007-08-30,6.03,6.155,5.96,6.06,5.73979,1486400
2007-08-31,6.1375,6.255,6.06,6.205,5.87713,1958800
2007-09-04,6.27,6.5,6.1875,6.395,6.0570900000000005,3351200
2007-09-05,6.3825,6.465,6.27,6.29,5.957637999999999,1745600
2007-09-06,6.315,6.33,6.065,6.17,5.843979,1722800
2007-09-07,5.99,6.0025,5.76,5.84,5.531415,3360800
2007-09-10,5.8775,5.9275,5.725,5.7675,5.462746,2423200
2007-09-11,5.77,5.9425,5.715,5.895,5.5835099999999995,1543200
2007-09-12,5.8675,5.9,5.6625,5.72,5.4177550000000005,2400800
2007-09-13,5.75,5.805,5.65,5.755,5.450907,1389200
2007-09-14,5.825,6.225,5.7925,6.1025,5.780044999999999,3758000
2007-09-17,6.1225,6.16,6.0,6.0175,5.699535,1750800
2007-09-18,6.07,6.36,6.0075,6.34,6.004995,2032400
2007-09-19,6.4375,6.4575,6.25,6.3075,5.974214,1846000
2007-09-20,6.1525,6.2075,5.875,5.9875,5.671119999999999,3628400
2007-09-21,6.1075,6.15,6.0175,6.0475,5.727951,2454400
2007-09-24,6.0925,6.0925,5.68,5.7175,5.415389,3799200
2007-09-25,5.7,5.7825,5.6975,5.7225,5.420125,2305600
2007-09-26,5.75,5.875,5.695,5.83,5.521943,2993600
2007-09-27,5.8525,5.895,5.815,5.8325,5.524311,1587600
2007-09-28,5.815,5.845,5.7425,5.7725,5.467482,1624400
2007-10-01,5.7725,5.8775,5.7725,5.84,5.531415,2301200
2007-10-02,5.875,6.0525,5.86,5.9875,5.671119999999999,3532400
2007-10-03,5.925,6.2,5.9,6.1775,5.851081,3277200
2007-10-04,6.205,6.285,6.17,6.2775,5.945798,2558800
2007-10-05,6.365,6.5425,6.2875,6.435,6.094975,2827200
2007-10-08,6.45,6.9725,6.37,6.4975,6.154173,2555200
2007-10-09,6.515,6.74,6.5125,6.6225,6.272568,3070400
2007-10-10,6.6325,6.7875,6.5625,6.6375,6.286773999999999,2384400
2007-10-11,6.7225,6.7925,6.46,6.6125,6.263096,3464000
2007-10-12,6.45,6.515,6.0825,6.3825,6.04525,3097200
2007-10-15,6.3025,6.3825,6.2,6.3775,6.040514,2264800
2007-10-16,6.345,6.5375,6.315,6.4575,6.116286,2551600
2007-10-17,6.47,6.515,6.3225,6.47,6.128125,3180400
2007-10-18,6.425,6.4425,6.2625,6.2925,5.960005000000001,2555200
2007-10-19,6.3025,6.3175,6.0775,6.095,5.77294,2887200
2007-10-22,6.0425,6.375,6.02,6.3,5.967109,4070000
2007-10-23,6.3225,6.6625,6.275,6.455,6.113919999999999,3024400
2007-10-24,6.41,6.56,6.2525,6.3925,6.054721,2792400
2007-10-25,6.5625,6.735,6.27,6.5025,6.158908,4147600
2007-10-26,6.2925,6.435,5.925,6.4175,6.078401,4508400
2007-10-29,6.38,6.4225,6.125,6.2025,5.874761,3506400
2007-10-30,6.22,6.5025,6.2025,6.3575,6.021571,2878800
2007-10-31,6.35,6.4325,6.245,6.35,6.0144660000000005,3559200
2007-11-01,6.24,6.3,6.1,6.105,5.782412,3717200
2007-11-02,6.28,6.295,6.0,6.1075,5.784782,3043600
2007-11-05,6.1025,6.1825,5.9125,5.955,5.640338,3054800
2007-11-06,6.015,6.015,5.695,5.84,5.531415,4920000
2007-11-07,5.7625,5.7675,5.5525,5.65,5.3514550000000005,5788400
2007-11-08,5.66,5.66,5.2925,5.505,5.214116000000001,5668800
2007-11-09,5.4325,5.5275,5.2875,5.45,5.1620230000000005,4520400
2007-11-12,5.5375,5.85,5.5025,5.7825,5.476953,5638800
2007-11-13,5.77,6.1875,5.77,6.15,5.825035,4728400
2007-11-14,6.1375,6.3675,5.9275,6.1125,5.789517,4833600
2007-11-15,6.1125,6.235,5.98,6.04,5.720847,3803200
2007-11-16,6.0425,6.07,5.85,5.945,5.630868,3119200
2007-11-19,5.9125,5.9125,5.6,5.6175,5.320673,4424000
2007-11-20,5.5975,5.6425,5.34,5.5,5.209381,3650000
2007-11-21,5.4525,5.7975,5.3625,5.6275,5.330144000000001,3576400
2007-11-23,5.7025,5.9525,5.6375,5.8325,5.524311,1584800
2007-11-26,5.8325,5.9475,5.605,5.605,5.308833,3322800
2007-11-27,5.7175,6.09,5.7175,5.9375,5.623762999999999,4412400
2007-11-28,6.0,6.285,5.92,6.25,5.919752,3631200
2007-11-29,6.14,6.2225,6.075,6.14,5.815563,2119200
2007-11-30,6.325,6.4425,6.225,6.3325,5.997891,2768400
2007-12-03,6.2825,6.36,6.1225,6.1425,5.817931,1258800
2007-12-04,6.035,6.15,5.9675,6.075,5.753998999999999,1704400
2007-12-05,6.105,6.2275,5.93,6.02,5.701904,2385600
2007-12-06,6.0675,6.4525,6.0375,6.4525,6.111551,3202400
2007-12-07,6.4625,6.7025,6.4375,6.6575,6.305719,2369200
2007-12-10,6.69,6.74,6.5175,6.7325,6.376757,1169200
2007-12-11,6.7525,7.0,6.6175,6.625,6.274936,5040000
2007-12-12,6.8425,6.8775,6.2575,6.365,6.028674,4634000
2007-12-13,6.3025,6.4825,6.1525,6.4375,6.097342,3765600
2007-12-14,6.375,6.5525,6.3075,6.4725,6.1304940000000006,2207200
2007-12-17,6.43,6.5375,6.2625,6.27,5.938694,1761600
2007-12-18,6.3175,6.45,6.26,6.43,6.0902400000000005,1378000
2007-12-19,6.425,6.555,6.345,6.5175,6.173116,1136000
2007-12-20,6.6225,6.6825,6.37,6.5825,6.234681,2266800
2007-12-21,6.6675,6.69,6.465,6.635,6.284408,2378800
2007-12-24,6.625,6.82,6.5975,6.81,6.4501610000000005,559600
2007-12-26,6.745,6.815,6.635,6.765,6.407539,918000
2007-12-27,6.7425,6.7425,6.435,6.4825,6.1399669999999995,1360000
2007-12-28,6.4825,6.5275,6.2375,6.2725,5.9410620000000005,2096800
2007-12-31,6.23,6.36,6.19,6.2525,5.922118,1647600
2008-01-02,6.205,6.2925,5.8775,5.9125,5.600084,2580000
2008-01-03,5.935,6.0375,5.77,5.8,5.493530000000001,1962800
2008-01-04,5.7325,5.7725,5.5525,5.73,5.4272279999999995,2148000
2008-01-07,5.805,6.085,5.735,5.9525,5.63797,3578800
2008-01-08,5.9,6.0125,5.5,5.515,5.2235879999999995,2842800
2008-01-09,5.555,5.6,5.2775,5.55,5.25674,4400000
2008-01-10,5.5875,6.025,5.5825,5.8975,5.585877,5533200
2008-01-11,5.86,5.9375,5.705,5.7725,5.467482,2802400
2008-01-14,5.775,5.9,5.705,5.795,5.488793,1775600
2008-01-15,5.6825,5.9725,5.6825,5.935,5.621396,4795600
2008-01-16,5.92,5.97,5.5825,5.845,5.536151,4392400
2008-01-17,5.88,6.1225,5.6975,5.765,5.4603779999999995,2783200
2008-01-18,5.7325,5.9925,5.625,5.845,5.536151,3850800
2008-01-22,5.6,5.955,5.41,5.755,5.450907,3505200
2008-01-23,5.62,6.2475,5.6125,6.1725,5.846347,4029200
2008-01-24,6.025,6.025,5.6025,5.6775,5.3775010000000005,3741600
2008-01-25,5.7975,5.7975,5.5925,5.65,5.3514550000000005,2276400
2008-01-28,5.64,5.9675,5.635,5.9375,5.623762999999999,2707600
2008-01-29,5.985,6.1425,5.7725,5.79,5.484058,3869200
2008-01-30,5.785,6.1375,5.72,5.955,5.640338,3352000
2008-01-31,5.8875,6.385,5.8625,6.325,5.990787999999999,4028400
2008-02-01,6.3525,6.745,6.3275,6.7325,6.376757,3228400
2008-02-04,6.71,6.8075,6.335,6.4,6.061824,3024000
2008-02-05,6.3725,6.66,6.3125,6.465,6.1233889999999995,3028000
2008-02-06,6.515,6.855,6.4475,6.64,6.289143,4192800
2008-02-07,6.675,7.1225,6.6275,7.0525,6.6798470000000005,5684000
2008-02-08,6.9775,7.1025,6.6925,6.8725,6.509357,3374400
2008-02-11,6.87,6.9825,6.6525,6.9175,6.55198,3282400
2008-02-12,6.9175,7.0225,6.7625,6.8575,6.495152,2231200
2008-02-13,6.97,7.0,6.8,6.9575,6.589867,2162400
2008-02-14,6.9425,6.9775,6.5975,6.6,6.251256,2358400
2008-02-15,6.66,7.0075,6.595,6.9825,6.613544999999999,3610400
2008-02-19,6.99,6.99,6.71,6.825,6.464367,1970000
2008-02-20,6.82,6.9775,6.655,6.9625,6.594602,3066800
2008-02-21,6.9975,7.14,6.7925,6.8675,6.5046230000000005,2284000
2008-02-22,6.9025,6.9475,6.67,6.925,6.5590839999999995,2143200
2008-02-25,6.9,7.0075,6.7075,6.985,6.615912,2664000
2008-02-26,6.8575,7.1,6.825,6.8625,6.499887,3405200
2008-02-27,6.765,6.7925,6.54,6.6025,6.253625,3470800
2008-02-28,6.5575,6.6475,6.1925,6.2075,5.879497,2632800
2008-02-29,6.155,6.26,6.08,6.1,5.777678,2449600
2008-03-03,6.145,6.165,5.8475,5.97,5.654546,2018000
2008-03-04,5.9,6.0425,5.7975,6.0275,5.709008,1956800
2008-03-05,6.0275,6.18,5.825,6.14,5.815563,4090000
2008-03-06,6.1325,6.1325,5.6875,5.725,5.422492,6922800
2008-03-07,5.605,5.825,5.5475,5.605,5.308833,5864400
2008-03-10,5.605,5.7125,5.2975,5.345,5.06257,7694400
2008-03-11,5.48,5.635,5.405,5.625,5.327776,5557600
2008-03-12,5.3525,5.3525,4.565,4.59,4.347465000000001,10473200
2008-03-13,4.5425,4.695,4.36,4.65,4.404294,7517600
2008-03-14,4.93,4.93,4.3825,4.51,4.271693,4811200
2008-03-17,4.4175,4.5975,4.4,4.5175,4.278796,5891600
2008-03-18,4.6325,4.7875,4.48,4.77,4.5179540000000005,3518000
2008-03-19,4.855,4.9225,4.685,4.685,4.437444999999999,3288400
2008-03-20,4.7,4.88,4.655,4.745,4.494275,4722800
2008-03-24,4.745,4.9125,4.655,4.8525,4.596095,2836400
2008-03-25,4.905,5.0025,4.7925,4.9725,4.709754,2471200
2008-03-26,4.9275,4.9475,4.5875,4.7125,4.463493,2492800
2008-03-27,4.705,4.935,4.64,4.7275,4.477698999999999,2171200
2008-03-28,4.7775,4.815,4.6275,4.735,4.484805000000001,2327600
2008-03-31,4.7375,4.9575,4.6975,4.905,4.64582,2489600
2008-04-01,4.9975,5.22,4.9525,5.1475,4.875508,2147600
2008-04-02,5.195,5.26,4.985,5.05,4.7831589999999995,2508000
2008-04-03,5.095,5.1625,5.005,5.1075,4.837619999999999,2041200
2008-04-04,5.09,5.225,5.0125,5.175,4.901554,1991200
2008-04-07,5.175,5.235,5.085,5.1625,4.889714,1855600
2008-04-08,5.165,5.205,5.1,5.1825,4.908657,2002400
2008-04-09,5.1675,5.2375,4.875,4.9225,4.662397,2300800
2008-04-10,4.85,5.1675,4.85,5.0375,4.771319,2998800
2008-04-11,4.9475,5.075,4.7325,4.775,4.522689,3455200
2008-04-14,4.8125,4.9675,4.78,4.91,4.650557,2023600
2008-04-15,5.0,5.1075,4.5675,4.65,4.404294,3183200
2008-04-16,4.71,4.915,4.5975,4.845,4.588991,2222000
2008-04-17,4.815,4.87,4.72,4.83,4.574783,1473600
2008-04-18,4.92,5.0625,4.83,5.055,4.787893,2167200
2008-04-21,5.025,5.0625,4.7775,4.8325,4.577151000000001,1949200
2008-04-22,4.8225,4.8225,4.3775,4.5025,4.264588,4414000
2008-04-23,4.5675,4.6225,4.405,4.5475,4.307211,2334400
2008-04-24,4.625,4.93,4.4775,4.8625,4.6055660000000005,2956400
2008-04-25,4.6675,4.97,4.6675,4.9525,4.690811,2976800
2008-04-28,4.9375,5.0925,4.7475,5.005,4.740537000000001,2904400
2008-04-29,5.0825,5.29,5.06,5.2425,4.965487,2157600
2008-04-30,5.265,5.5675,5.2,5.37,5.086249,3274400
2008-05-01,5.4,5.75,5.4,5.58,5.285154,2900400
2008-05-02,5.6325,5.6375,5.3625,5.46,5.171494999999999,2244800
2008-05-05,5.425,5.49,5.23,5.365,5.081514,1556800
2008-05-06,5.275,5.275,5.055,5.185,4.911025,1684800
2008-05-07,5.2025,5.325,4.8825,4.9125,4.652923,2225200
2008-05-08,4.8975,5.02,4.8375,4.9425,4.6813400000000005,1941600
2008-05-09,4.8175,4.98,4.775,4.9225,4.662397,1683200
2008-05-12,4.97,5.14,4.97,5.1125,4.842355,1436400
2008-05-13,5.1375,5.2825,5.1075,5.175,4.901554,1501600
2008-05-14,5.1975,5.43,5.19,5.29,5.010477,2086000
2008-05-15,5.225,5.45,5.125,5.3975,5.112296,1498000
2008-05-16,5.29,5.4775,5.2,5.3475,5.064939,2056800
2008-05-19,5.4975,5.6575,5.35,5.39,5.105192,2678400
2008-05-20,5.36,5.36,5.0975,5.15,4.877873999999999,1682000
2008-05-21,5.0625,5.0875,4.6325,4.6825,4.435078,4200800
2008-05-22,4.705,4.8575,4.59,4.6275,4.3829839999999995,2194400
2008-05-23,4.505,4.5275,4.3325,4.405,4.172242,2220000
2008-05-27,4.52,4.8425,4.5,4.7925,4.539265,2258000
2008-05-28,4.9725,4.9925,4.6925,4.7625,4.51085,1976800
2008-05-29,4.8225,5.085,4.6775,5.0375,4.771319,2821200
2008-05-30,5.0575,5.0575,4.8325,4.8825,4.62451,2424400
2008-06-02,4.9175,4.9575,4.6875,4.8575,4.60083,2229600
2008-06-03,4.9425,5.03,4.8375,4.9625,4.700283,2248400
2008-06-04,4.95,5.0275,4.7525,4.875,4.617405000000001,3071600
2008-06-05,4.9075,5.305,4.875,5.24,4.96312,3872400
2008-06-06,5.02,5.0575,4.82,4.85,4.5937269999999994,5720800
2008-06-09,4.92,4.9825,4.63,4.7025,4.454021,4202000
2008-06-10,4.625,4.8875,4.51,4.705,4.456388,5039600
2008-06-11,4.665,4.6975,4.435,4.4425,4.2077599999999995,4086800
2008-06-12,4.5,4.675,4.325,4.47,4.233807,5859600
2008-06-13,4.53,4.6725,4.525,4.615,4.371144,2296000
2008-06-16,4.5375,4.6975,4.45,4.6625,4.416134,5224000
2008-06-17,4.69,4.9925,4.6275,4.7225,4.472964,2346000
2008-06-18,4.685,4.685,4.475,4.535,4.295371,2054800
2008-06-19,4.5475,5.02,4.5475,4.995,4.731065,3273200
2008-06-20,4.8925,4.8925,4.5,4.6,4.356936,4672800
2008-06-23,4.6575,4.68,4.325,4.34,4.110675,3186400
2008-06-24,4.35,4.4,4.075,4.2925,4.065686,3716000
2008-06-25,4.31,4.5625,4.2925,4.3875,4.155665,2335200
2008-06-26,4.265,4.3075,4.12,4.13,3.911771,2516000
2008-06-27,4.155,4.175,4.0,4.1425,3.92361,4101200
2008-06-30,4.1,4.1025,3.835,3.835,3.6323589999999997,3531200
2008-07-01,3.78,3.8175,3.4975,3.675,3.480814,4739200
2008-07-02,3.4975,3.765,3.3925,3.425,3.244023,4813600
2008-07-03,3.425,3.495,3.255,3.3675,3.189562,2201600
2008-07-07,3.55,3.9725,3.3475,3.425,3.244023,3685200
2008-07-08,3.64,3.705,3.5,3.7,3.504493,5016400
2008-07-09,3.6425,3.695,3.3425,3.375,3.1966650000000003,3568000
2008-07-10,3.395,3.515,3.3,3.4,3.220345,3229600
2008-07-11,3.3375,3.3375,2.805,2.95,2.794122,6547200
2008-07-14,2.9025,2.95,2.62,2.7325,2.588115,7677200
2008-07-15,2.705,2.875,2.525,2.7,2.5573330000000003,6701600
2008-07-16,2.73,3.4325,2.725,3.3975,3.217977,7024400
2008-07-17,3.45,3.9075,3.2925,3.8775,3.672614,7625200
2008-07-18,3.845,4.3,3.79,4.09,3.873885,7364800
2008-07-21,3.8775,4.1725,3.8775,3.9425,3.734179,3548000
2008-07-22,3.9825,4.7875,3.97,4.625,4.380615,6890000
2008-07-23,4.7025,4.9575,4.51,4.7125,4.463493,8014000
2008-07-24,4.27,4.69,4.22,4.27,4.0443739999999995,5327600
2008-07-25,4.3375,4.625,4.3375,4.4225,4.188817,4141600
2008-07-28,4.4025,4.4975,4.165,4.25,4.02543,3168400
2008-07-29,4.305,4.68,4.2975,4.64,4.394823000000001,4105200
2008-07-30,4.805,4.805,4.1025,4.245,4.020694000000001,5370000
2008-07-31,4.1725,4.6225,4.0775,4.47,4.233807,3369200
2008-08-01,4.5625,4.585,4.2325,4.5025,4.264588,2730400
2008-08-04,4.4975,4.7875,4.3125,4.725,4.475332,3253600
2008-08-05,4.8125,4.875,4.59,4.84,4.584256,4779200
2008-08-06,4.65,4.875,4.585,4.815,4.560576,3122000
2008-08-07,4.6575,4.7525,4.505,4.5325,4.293004,2959200
2008-08-08,4.7425,5.0325,4.575,4.98,4.716858,3572400
2008-08-11,4.9775,5.585,4.7675,5.295,5.015213,5026400
2008-08-12,5.4225,5.8125,5.4225,5.64,5.341983,7617600
2008-08-13,5.605,5.75,5.1125,5.3825,5.098089,5732000
2008-08-14,5.3575,5.645,5.3075,5.4625,5.173862000000001,4670800
2008-08-15,5.5125,5.755,5.5125,5.735,5.431963,3833600
2008-08-18,5.745,5.7825,5.45,5.4775,5.18807,4230800
2008-08-19,5.425,5.56,5.225,5.2975,5.017580000000001,3652800
2008-08-20,5.1975,5.1975,4.715,4.925,4.664764,6347600
2008-08-21,4.705,4.9675,4.6825,4.885,4.6268769999999995,3790400
2008-08-22,5.0975,5.2475,4.97,5.2225,4.946543,2825600
2008-08-25,5.01,5.3225,5.005,5.0725,4.804469999999999,3602000
2008-08-26,5.0725,5.125,4.63,4.725,4.475332,3336800
2008-08-27,4.6025,4.825,4.5625,4.725,4.475332,4157200
2008-08-28,4.8075,5.25,4.805,5.2375,4.960751999999999,3797600
2008-08-29,5.1875,5.3575,5.05,5.2525,4.974958999999999,2510400
2008-09-02,5.5725,5.7225,5.3475,5.49,5.19991,4081600
2008-09-03,5.6725,5.8125,5.4775,5.5625,5.268579,3201600
2008-09-04,5.4925,5.7,5.335,5.4175,5.13124,3884800
2008-09-05,5.345,5.78,5.27,5.6625,5.363294000000001,5936400
2008-09-08,5.83,6.005,5.1,5.8825,5.57167,6818800
2008-09-09,5.93,6.17,5.7075,5.8125,5.505368,6636800
2008-09-10,5.8575,5.8575,5.43,5.64,5.341983,4238800
2008-09-11,5.4525,5.9925,5.38,5.9425,5.6285,4773600
2008-09-12,5.84,5.94,5.7,5.7975,5.491161,3591600
2008-09-15,5.445,6.0,5.445,5.5475,5.254372,6162800
2008-09-16,5.7075,5.9,5.565,5.89,5.578774,7261200
2008-09-17,5.7175,5.835,5.275,5.525,5.233059,4994800
2008-09-18,5.4875,5.7,5.155,5.6775,5.3775010000000005,5098800
2008-09-19,6.1225,6.1225,5.2825,5.445,5.157287,6775200
2008-09-22,5.3325,5.465,5.0025,5.0725,4.804469999999999,2740400
2008-09-23,5.1125,5.3025,5.0,5.02,4.754745,2979200
2008-09-24,4.9775,5.135,4.89,5.0075,4.742904,2478000
2008-09-25,5.095,5.1625,4.9675,5.1,4.8305169999999995,1578800
2008-09-26,5.08,5.345,4.9525,5.115,4.844723999999999,2166400
2008-09-29,5.0525,5.1125,4.725,4.745,4.494275,3116000
2008-09-30,4.84,5.135,4.655,5.0975,4.8281480000000006,1994400
2008-10-01,5.195,5.3775,5.0425,5.2925,5.012844,2340800
2008-10-02,5.3725,5.4625,4.9575,4.9825,4.719226,1965600
2008-10-03,5.115,5.3,4.7225,4.77,4.5179540000000005,2271200
2008-10-06,4.58,4.765,4.1075,4.5475,4.307211,4032000
2008-10-07,4.56,4.63,4.005,4.0125,3.8004800000000003,2614800
2008-10-08,3.8,4.145,3.7275,3.875,3.6702449999999995,4034400
2008-10-09,4.02,4.225,3.53,3.58,3.390833,3396800
2008-10-10,3.2225,4.8075,3.2225,4.7,4.451653,6971200
2008-10-13,4.95,5.525,4.8075,5.525,5.233059,5260800
2008-10-14,5.8575,5.875,5.0325,5.1725,4.899186,5544400
2008-10-15,5.0625,5.1875,4.91,4.9575,4.695546,3419200
2008-10-16,4.835,6.0125,4.835,5.9675,5.652177,6986000
2008-10-17,5.94,5.94,5.4525,5.54,5.247267,6201600
2008-10-20,5.4525,5.845,5.2625,5.795,5.488793,4644000
2008-10-21,5.6525,6.0725,5.6525,5.9375,5.623762999999999,6298800
2008-10-22,5.8675,6.14,5.65,5.875,5.564567,6806800
2008-10-23,5.5275,5.995,5.2375,5.6575,5.358558,4570000
2008-10-24,4.9925,5.7025,4.765,5.48,5.190437,5386400
2008-10-27,5.34,5.6875,5.015,5.015,4.750008,2273600
2008-10-28,5.205,5.4975,4.8875,5.4975,5.207012000000001,3452000
2008-10-29,5.375,5.695,5.265,5.4025,5.117033,2928800
2008-10-30,5.65,5.9925,5.465,5.95,5.635602,2905200
2008-10-31,5.9,6.5,5.82,6.175,5.848714,4515600
2008-11-03,6.2225,6.82,6.215,6.64,6.289143,4752000
2008-11-04,6.8175,6.935,6.2925,6.58,6.232314,3441200
2008-11-05,6.485,6.7325,6.3425,6.355,6.019203,2737200
2008-11-06,6.28,6.645,6.25,6.3225,5.98842,4251200
2008-11-07,6.395,6.455,6.1175,6.2975,5.964741,2894800
2008-11-10,6.375,6.375,6.0525,6.125,5.801355,2110400
2008-11-11,6.0325,6.4075,6.0325,6.2375,5.907911,5720400
2008-11-12,6.22,6.22,5.655,5.8175,5.510104,3948800
2008-11-13,5.865,6.3675,5.7575,6.3225,5.98842,5832400
2008-11-14,6.205,6.4225,6.0375,6.1075,5.784782,6026800
2008-11-17,6.0475,6.3925,5.9875,6.2625,5.931591,4732400
2008-11-18,6.335,6.3875,6.0825,6.3375,6.0026269999999995,4426400
2008-11-19,6.2625,6.3625,5.1925,5.205,4.929969,5543200
2008-11-20,5.26,6.125,5.0025,5.5025,5.211749,6827200
2008-11-21,5.685,5.685,4.6425,4.7225,4.472964,6650000
2008-11-24,4.7875,5.75,4.75,5.62,5.32304,4803600
2008-11-25,5.68,5.91,5.5275,5.8525,5.543254,3975600
2008-11-26,5.665,6.0675,5.505,5.635,5.337248000000001,5645200
2008-11-28,5.595,5.825,5.4825,5.7375,5.434332,1592400
2008-12-01,5.5775,5.7375,5.27,5.2925,5.012844,3091600
2008-12-02,5.425,5.8575,5.2025,5.83,5.521943,3524000
2008-12-03,5.7025,6.2425,5.675,6.19,5.862921,5532400
2008-12-04,6.1,6.425,5.88,6.0975,5.77531,4063200
2008-12-05,5.9775,6.7925,5.875,6.7875,6.428849,4873200
2008-12-08,6.75,6.875,6.58,6.725,6.369651,3595600
2008-12-09,6.675,6.995,6.4525,6.49,6.147069,4025200
2008-12-10,6.52,6.5375,6.13,6.37,6.03341,3326000
2008-12-11,6.18,6.275,6.015,6.2,5.872392,4854400
2008-12-12,6.0325,6.6625,5.965,6.62,6.2702,3223200
2008-12-15,6.5375,6.5875,6.2325,6.375,6.038145,2648400
2008-12-16,6.4,6.87,6.3225,6.7775,6.419378,3058800
2008-12-17,6.6925,6.9575,6.68,6.8175,6.457264,3221600
2008-12-18,6.8975,7.0775,6.7525,6.9025,6.5377730000000005,4204800
2008-12-19,7.105,7.22,6.905,6.9975,6.627752,4875200
2008-12-22,6.9525,7.25,6.695,7.25,6.866911,4342000
2008-12-23,7.25,7.25,6.9125,7.0325,6.6609039999999995,3254400
2008-12-24,7.105,7.2925,7.005,7.1275,6.750883999999999,1667200
2008-12-26,7.195,7.25,7.075,7.14,6.762722999999999,1875600
2008-12-29,7.1325,7.17,6.9075,7.125,6.748516,3046000
2008-12-30,7.2,7.3425,7.1275,7.2025,6.821921000000001,3206400
2008-12-31,7.2325,7.435,7.0,7.3125,6.926108,3479600
2009-01-02,7.315,7.445,7.1375,7.3975,7.006616,4737600
2009-01-05,7.335,7.6425,7.2375,7.5075,7.110806,5855600
2009-01-06,7.4575,7.7375,7.4575,7.69,7.283662,5419200
2009-01-07,7.545,7.7375,7.4775,7.625,7.2220960000000005,4759200
2009-01-08,7.525,7.6625,7.4425,7.645,7.241039,3993600
2009-01-09,7.6275,7.6275,7.265,7.4925,7.096597999999999,3077200
2009-01-12,7.55,7.625,7.2625,7.39,6.999513,2803200
2009-01-13,7.385,7.525,7.1875,7.2475,6.864542,2448000
2009-01-14,7.11,7.2625,6.8175,6.9375,6.570924000000001,3122800
2009-01-15,6.9925,7.295,6.6725,7.0025,6.632489,4861200
2009-01-16,7.1025,7.5,7.055,7.4475,7.053976,3652400
2009-01-20,7.3725,7.425,7.0275,7.05,6.677478999999999,3376400
2009-01-21,7.145,7.1475,6.2825,6.53,6.184956,6172000
2009-01-22,6.405,6.6275,6.34,6.555,6.208635,3408400
2009-01-23,6.395,6.88,6.3625,6.64,6.289143,3186800
2009-01-26,6.655,6.745,6.4225,6.5325,6.187323999999999,1967600
2009-01-27,6.555,6.555,6.13,6.29,5.957637999999999,2774800
2009-01-28,6.4125,6.7125,6.2775,6.6525,6.3009830000000004,2364000
2009-01-29,6.525,7.5275,6.4975,6.89,6.5259339999999995,7230000
2009-01-30,6.8675,6.9975,6.3175,6.59,6.241786,5182000
2009-02-02,6.5425,6.815,6.35,6.755,6.398067,4706800
2009-02-03,6.75,6.795,6.4875,6.645,6.2938790000000004,2805600
2009-02-04,6.645,6.9925,6.5325,6.5575,6.211003,3237600
2009-02-05,6.5,7.115,6.39,6.905,6.5401419999999995,3504400
2009-02-06,6.965,7.355,6.85,7.23,6.847967999999999,4734000
2009-02-09,7.185,7.32,7.04,7.18,6.800610000000001,2392000
2009-02-10,7.0525,7.32,6.9,6.9975,6.627752,3267200
2009-02-11,7.05,7.1025,6.665,6.7675,6.409907,4327200
2009-02-12,6.805,7.2875,6.7675,7.2375,6.855072,5237600
2009-02-13,7.2125,7.355,7.0325,7.1525,6.774563000000001,2554800
2009-02-17,7.1925,7.49,6.9825,7.37,6.980569999999999,5087600
2009-02-18,7.3175,7.3675,6.7,6.7875,6.428849,4988400
2009-02-19,6.8275,6.9375,6.555,6.6025,6.253625,2566800
2009-02-20,6.505,6.62,5.7675,6.0675,5.746894,5369200
2009-02-23,6.1275,6.3475,5.805,5.97,5.654546,4607200
2009-02-24,6.07,6.0925,5.785,5.99,5.673489,3596400
2009-02-25,5.9325,5.9325,5.2875,5.5675,5.273314,5699600
2009-02-26,5.5325,5.8575,5.295,5.745,5.441433999999999,5872400
2009-02-27,5.6275,5.7675,5.4325,5.4775,5.18807,4048400
2009-03-02,5.3675,5.525,5.115,5.1475,4.875508,3727200
2009-03-03,5.1625,5.225,4.55,4.6,4.356936,4693600
2009-03-04,4.6675,4.7775,4.4475,4.545,4.304843,3682800
2009-03-05,4.5,4.5,3.6425,3.7,3.504493,9448400
2009-03-06,3.6875,3.8525,3.6225,3.77,3.5707940000000002,4637200
2009-03-09,3.7325,3.8375,3.4375,3.485,3.300853,6224400
2009-03-10,3.4825,3.675,3.4025,3.6375,3.4452949999999998,5824800
2009-03-11,3.67,4.045,3.57,3.9525,3.74365,7582800
2009-03-12,3.8875,4.2475,3.8025,4.18,3.959129,3966000
2009-03-13,4.245,4.4475,4.235,4.315,4.086996,2570400
2009-03-16,4.3175,4.475,4.085,4.1075,3.89046,4289600
2009-03-17,4.125,4.5775,4.0375,4.575,4.333257,4108400
2009-03-18,4.575,4.6825,4.19,4.5175,4.278796,3791600
2009-03-19,4.5,4.555,4.14,4.2075,3.985176,2946800
2009-03-20,4.2075,4.2875,4.115,4.125,3.907036,2826000
2009-03-23,4.2325,4.395,3.98,4.395,4.162769,2904400
2009-03-24,4.3325,4.3325,4.08,4.2075,3.985176,3583600
2009-03-25,4.16,4.5525,4.16,4.3175,4.089365,2804000
2009-03-26,4.3825,4.81,4.3625,4.6625,4.416134,3250400
2009-03-27,4.5275,4.68,4.465,4.5175,4.278796,2281600
2009-03-30,4.4425,4.4825,4.12,4.1875,3.9662330000000003,3836800
2009-03-31,4.2275,4.505,4.075,4.3925,4.1604,3081600
2009-04-01,4.3725,4.5425,4.2,4.5175,4.278796,2269200
2009-04-02,4.5875,5.03,4.58,5.02,4.754745,4752800
2009-04-03,4.96,5.08,4.855,4.945,4.683707,2190400
2009-04-06,4.8775,5.225,4.8125,5.04,4.773688,3378800
2009-04-07,4.935,5.1075,4.775,4.7775,4.525057,2481200
2009-04-08,4.795,4.9925,4.7775,4.925,4.664764,1298000
2009-04-09,5.0825,5.52,5.01,5.485,5.195174,2427200
2009-04-13,5.41,5.48,5.27,5.395,5.109929,2341600
2009-04-14,5.2975,5.4475,4.91,4.965,4.702649,2402800
2009-04-15,4.91,5.265,4.71,5.145,4.873138,2910000
2009-04-16,5.1575,5.2075,4.8175,5.065,4.7973669999999995,2752000
2009-04-17,5.065,5.18,4.8125,4.95,4.688443,3423200
2009-04-20,4.8175,4.92,4.57,4.6825,4.435078,3585200
2009-04-21,4.6775,5.075,4.5425,4.9525,4.690811,2516800
2009-04-22,4.9225,5.2575,4.8675,4.955,4.693179,2724400
2009-04-23,4.9775,4.9775,4.045,4.345,4.115411,8406000
2009-04-24,4.4525,4.595,4.375,4.455,4.219598,3188400
2009-04-27,4.23,4.2425,3.9675,4.1375,3.918875,6728000
2009-04-28,4.0825,4.435,4.0275,4.13,3.911771,4361200
2009-04-29,4.21,4.3975,4.14,4.27,4.0443739999999995,3480000
2009-04-30,4.3225,4.39,4.1525,4.195,3.9733379999999996,2573600
2009-05-01,4.26,4.33,4.1475,4.315,4.086996,2193200
2009-05-04,4.43,4.59,4.3125,4.5725,4.330889,3869200
2009-05-05,4.5575,4.7675,4.5375,4.67,4.423238,3894800
2009-05-06,4.7175,4.77,4.42,4.5825,4.340362,2654800
2009-05-07,4.6075,4.6525,4.2875,4.3375,4.108307,3107600
2009-05-08,4.395,4.4775,4.2925,4.375,4.143826,3486400
2009-05-11,4.2725,4.36,4.075,4.305,4.0775239999999995,3556800
2009-05-12,4.2475,4.335,4.0,4.1525,3.9330830000000003,3527200
2009-05-13,4.025,4.1275,3.945,3.98,3.7696970000000003,2860400
2009-05-14,3.9,4.1825,3.6325,3.975,3.764961,5312400
2009-05-15,3.9475,4.0675,3.9075,3.995,3.783904,4153200
2009-05-18,4.03,4.12,3.9375,4.1175,3.8999309999999996,2502800
2009-05-19,4.1125,4.125,3.8625,3.9175,3.7105,6228400
2009-05-20,4.0175,4.2325,3.9825,3.9925,3.781537,6558800
2009-05-21,4.0175,4.1225,3.95,4.0925,3.8762519999999996,3914400
2009-05-22,4.1375,4.1875,3.975,4.0325,3.8194230000000005,2386400
2009-05-26,3.9725,4.1575,3.9725,4.0375,3.82416,3803200
2009-05-27,4.035,4.07,3.76,3.7825,3.582633,4490000
2009-05-28,3.865,3.8875,3.75,3.7675,3.568426,4518000
2009-05-29,3.77,3.9425,3.7275,3.8925,3.686821,2945200
2009-06-01,3.99,4.05,3.9025,3.9625,3.7531220000000003,3241200
2009-06-02,3.985,4.2225,3.97,4.065,3.8502050000000003,4086400
2009-06-03,4.01,4.0875,3.95,4.045,3.831263,3576800
2009-06-04,4.045,4.0675,3.8525,3.92,3.7128669999999997,2801200
2009-06-05,3.99,4.0175,3.85,3.9775,3.7673300000000003,2854400
2009-06-08,3.96,3.995,3.8675,3.9575,3.748386,3915200
2009-06-09,3.96,4.0375,3.865,3.9975,3.7862730000000004,2551600
2009-06-10,4.025,4.0525,3.8625,3.9225,3.715236,3118800
2009-06-11,3.9175,4.0225,3.845,3.9,3.693925,2982000
2009-06-12,3.91,4.12,3.8875,4.095,3.878621,2928000
2009-06-15,3.985,4.1125,3.955,4.075,3.8596769999999996,2911600
2009-06-16,4.125,4.29,4.125,4.155,3.935451,3533600
2009-06-17,4.205,4.365,4.145,4.3025,4.075156,3290000
2009-06-18,4.345,4.5725,4.1925,4.5175,4.278796,3998800
2009-06-19,4.58,4.5875,4.4175,4.465,4.229071,3103600
2009-06-22,4.39,4.4275,4.25,4.25,4.02543,2686400
2009-06-23,4.245,4.27,4.0175,4.1275,3.9094019999999996,2867200
2009-06-24,4.165,4.3325,4.085,4.175,3.954394,2563600
2009-06-25,4.1575,4.48,4.1575,4.47,4.233807,3844800
2009-06-26,4.465,4.5175,4.4125,4.4875,4.250381,2167600
2009-06-29,4.4875,4.6575,4.4425,4.605,4.361673000000001,2441200
2009-06-30,4.605,4.605,4.4675,4.565,4.323785,1546000
2009-07-01,4.5375,4.6975,4.5375,4.675,4.427974,2313600
2009-07-02,4.5775,4.65,4.4825,4.5875,4.345097,1462000
2009-07-06,4.6075,4.75,4.6025,4.71,4.461123000000001,1826800
2009-07-07,4.6875,4.73,4.5375,4.68,4.432709,1928000
2009-07-08,4.715,4.7925,4.6425,4.74,4.48954,2056400
2009-07-09,4.7875,4.7875,4.685,4.7,4.451653,1280800
2009-07-10,4.7,5.1325,4.7,5.085,4.81631,3815600
2009-07-13,5.1125,5.2225,4.945,5.19,4.915761,2128400
2009-07-14,5.1875,5.2975,5.1375,5.1825,4.908657,2883600
2009-07-15,5.285,5.4025,5.1825,5.3725,5.088617,2750800
2009-07-16,5.385,5.4,5.16,5.33,5.048364,1502800
2009-07-17,5.345,5.365,5.215,5.285,5.005742,1273600
2009-07-20,5.3325,5.5625,5.2225,5.5075,5.2164839999999995,2038000
2009-07-21,5.52,5.52,5.03,5.1875,4.913394,2623600
2009-07-22,5.14,5.4225,5.09,5.185,4.911025,1762400
2009-07-23,5.4475,5.6175,5.225,5.505,5.214116000000001,3012000
2009-07-24,5.445,5.69,5.445,5.665,5.365662,1824400
2009-07-27,5.61,5.7175,5.5025,5.6175,5.320673,1523200
2009-07-28,5.55,5.805,5.55,5.69,5.389343,1293200
2009-07-29,5.6175,5.755,5.5725,5.7375,5.434332,1952400
2009-07-30,5.8025,5.875,5.6525,5.745,5.441433999999999,1964800
2009-07-31,5.6975,5.87,5.6925,5.765,5.4603779999999995,1805600
2009-08-03,5.7875,5.875,5.73,5.8225,5.5148410000000005,1823200
2009-08-04,5.8675,6.0575,5.785,5.9625,5.647443,1304800
2009-08-05,6.0425,6.15,5.9,6.09,5.768205,1684800
2009-08-06,6.0025,6.025,5.61,5.6325,5.334879,3818400
2009-08-07,5.7425,5.89,5.615,5.795,5.488793,2411600
2009-08-10,5.7475,5.795,5.6125,5.69,5.389343,1099200
2009-08-11,5.6525,5.735,5.5375,5.635,5.337248000000001,1097200
2009-08-12,5.6625,5.985,5.64,5.8575,5.547991000000001,1844400
2009-08-13,5.8575,5.92,5.675,5.78,5.474585,1352400
2009-08-14,5.7675,5.7725,5.5725,5.755,5.450907,1386000
2009-08-17,5.6375,5.69,5.5525,5.6,5.304098000000001,1184000
2009-08-18,5.665,5.77,5.5925,5.73,5.4272279999999995,1162000
2009-08-19,5.6275,5.7425,5.605,5.6375,5.339615,1482000
2009-08-20,5.5775,5.7125,5.5625,5.6425,5.34435,1044800
2009-08-21,5.715,5.8025,5.6225,5.7875,5.481689,1478800
2009-08-24,5.82,6.0625,5.7875,5.84,5.531415,1755200
2009-08-25,5.9025,6.6475,5.9025,6.6225,6.272568,5592800
2009-08-26,6.5975,6.7875,6.475,6.665,6.312822,3108800
2009-08-27,6.67,6.7025,6.3875,6.4575,6.116286,1853200
2009-08-28,6.5325,6.645,6.4,6.4575,6.116286,1335200
2009-08-31,6.38,6.4125,6.2875,6.3075,5.974214,1770800
2009-09-01,6.2175,6.33,5.7625,5.785,5.479321,3518400
2009-09-02,5.71,5.82,5.6075,5.765,5.4603779999999995,2352000
2009-09-03,5.74,5.9675,5.685,5.905,5.592980000000001,1490800
2009-09-04,5.92,6.195,5.9,6.14,5.815563,1418400
2009-09-08,6.145,6.235,6.0175,6.1925,5.865288,1630400
2009-09-09,6.21,6.475,6.155,6.4125,6.073664,1630400
2009-09-10,6.4675,6.74,6.2975,6.735,6.379124,3972400
2009-09-11,6.725,6.8375,6.6025,6.6425,6.291512,1958400
2009-09-14,6.5725,6.65,6.4125,6.555,6.208635,1888000
2009-09-15,6.5675,6.895,6.5375,6.8125,6.452528,1853200
2009-09-16,6.8525,6.925,6.5925,6.79,6.431218,1881200
2009-09-17,6.845,6.8675,6.6,6.67,6.317558,1576400
2009-09-18,6.6975,6.705,6.3975,6.61,6.260728,2208400
2009-09-21,6.51,6.8,6.51,6.75,6.393330000000001,2371200
2009-09-22,6.8225,6.9975,6.725,6.8,6.44069,2561200
2009-09-23,6.845,6.8725,6.58,6.67,6.317558,1846000
2009-09-24,6.695,6.7025,6.4075,6.5425,6.196795,1985600
2009-09-25,6.6825,6.88,6.5875,6.75,6.393330000000001,2353600
2009-09-28,6.8,6.9625,6.6575,6.7,6.345973000000001,1930800
2009-09-29,6.71,6.9225,6.7025,6.8675,6.5046230000000005,1791200
2009-09-30,6.925,6.9325,6.625,6.6975,6.343605999999999,2225600
2009-10-01,6.6875,6.6875,6.36,6.3675,6.031041,1892400
2009-10-02,6.3,6.5625,6.3,6.4525,6.111551,1546800
2009-10-05,6.5025,6.7175,6.385,6.5975,6.248889,1211200
2009-10-06,6.63,6.74,6.5575,6.725,6.369651,1910800
2009-10-07,6.7125,6.8075,6.5875,6.605,6.255992,1386800
2009-10-08,6.67,6.92,6.575,6.8325,6.471472,2029600
2009-10-09,6.8,6.9475,6.625,6.935,6.568556,1516000
2009-10-12,6.9375,7.03,6.825,6.95,6.582762,1655600
2009-10-13,6.8975,7.0,6.765,6.9425,6.575660000000001,1164400
2009-10-14,7.0325,7.2275,6.9075,7.2125,6.831392999999999,2151200
2009-10-15,7.12,7.2,6.915,6.9775,6.608810000000001,1357200
2009-10-16,7.01,7.01,6.7825,6.86,6.4975190000000005,1174400
2009-10-19,6.9425,6.995,6.88,6.9725,6.604075,1866000
2009-10-20,7.0025,7.175,6.93,7.1275,6.750883999999999,2522400
2009-10-21,7.06,7.2475,6.7625,6.9,6.535405,4559600
2009-10-22,6.9025,7.03,6.39,6.69,6.336501999999999,4448400
2009-10-23,6.69,6.8425,6.64,6.7475,6.390963,2924400
2009-10-26,6.7225,6.7925,6.55,6.6325,6.282039,3374000
2009-10-27,6.6425,6.8275,6.5625,6.72,6.364916,2191600
2009-10-28,6.715,6.7625,6.4,6.4125,6.073664,2704800
2009-10-29,6.475,6.6225,6.39,6.4625,6.121023,2571200
2009-10-30,6.415,6.5275,6.2925,6.43,6.0902400000000005,3108800
2009-11-02,6.45,6.5275,6.2275,6.4125,6.073664,3191600
2009-11-03,6.3425,6.5375,6.2975,6.475,6.132862,2758400
2009-11-04,6.51,6.5775,6.3,6.3575,6.021571,2590000
2009-11-05,6.425,6.635,6.335,6.6325,6.282039,2158400
2009-11-06,6.6,6.92,6.57,6.8725,6.509357,1876800
2009-11-09,6.925,7.1025,6.8475,7.0475,6.675111,2466800
2009-11-10,7.0425,7.1925,7.0175,7.13,6.753252000000001,2373200
2009-11-11,7.1725,7.3725,7.1375,7.35,6.961627,1968800
2009-11-12,7.3175,7.385,7.08,7.0975,6.722469,1576800
2009-11-13,7.155,7.355,7.1325,7.2125,6.831392999999999,1618000
2009-11-16,7.3,7.4925,7.2675,7.37,6.980569999999999,1493600
2009-11-17,7.365,7.4675,7.325,7.3975,7.006616,998000
2009-11-18,7.42,7.4375,7.28,7.35,6.961627,1929600
2009-11-19,7.2775,7.295,7.0975,7.2575,6.874014999999999,1528000
2009-11-20,7.185,7.3475,7.155,7.32,6.933213,986400
2009-11-23,7.41,7.495,7.3625,7.415,7.023192999999999,1300800
2009-11-24,7.3975,7.435,7.265,7.325,6.937947,1076800
2009-11-25,7.355,7.4175,7.2775,7.37,6.980569999999999,1032400
2009-11-27,7.15,7.4625,7.1325,7.36,6.971099000000001,701600
2009-11-30,7.395,7.5,7.285,7.475,7.0800220000000005,2493200
2009-12-01,7.51,7.75,7.4975,7.725,7.316813000000001,2249600
2009-12-02,7.525,7.635,7.3675,7.545,7.146323,3498000
2009-12-03,7.6,7.65,7.5025,7.5675,7.167634,2457600
2009-12-04,7.6875,8.0475,7.68,8.005,7.582017,2112000
2009-12-07,7.975,8.2375,7.9425,8.14,7.709884,1953200
2009-12-08,8.1175,8.2625,7.9375,8.1775,7.745403,2649200
2009-12-09,8.175,8.225,8.0375,8.2125,7.778553,1099200
2009-12-10,8.175,8.2475,8.1025,8.11,7.681468,2040400
2009-12-11,8.125,8.695,8.115,8.6625,8.204774,3535200
2009-12-14,8.6525,8.74,8.5375,8.6475,8.190567,2109600
2009-12-15,8.5625,8.71,8.4475,8.4825,8.034286,2508800
2009-12-16,8.5875,8.6875,8.495,8.6425,8.185831,1187200
2009-12-17,8.5475,8.64,8.43,8.575,8.1219,1366800
2009-12-18,8.6475,8.6475,8.3525,8.5125,8.0627,3496400
2009-12-21,8.55,8.7075,8.5275,8.6525,8.195303,1176800
2009-12-22,8.6475,8.9825,8.6475,8.9575,8.484185,2013600
2009-12-23,8.9925,9.1075,8.8,9.035,8.557591,1154800
2009-12-24,9.0275,9.12,8.9175,9.0175,8.541018,418400
2009-12-28,8.98,8.98,8.7,8.7725,8.308962,1411600
2009-12-29,8.83,8.83,8.675,8.7675,8.304226,1042400
2009-12-30,8.6925,8.8575,8.645,8.78,8.316067,850400
2009-12-31,8.7575,8.835,8.6375,8.64,8.183465,1492000
2010-01-04,8.705,8.82,8.6,8.7175,8.25687,1802400
2010-01-05,8.69,9.235,8.69,9.195,8.709138000000001,3052800
2010-01-06,9.0625,9.285,9.05,9.1125,8.630995,2994000
2010-01-07,9.1375,9.42,9.04,9.065,8.586007,2887200
2010-01-08,9.0575,9.215,8.81,8.885,8.415519999999999,2457600
2010-01-11,8.9575,8.9875,8.7125,8.83,8.363422,2324000
2010-01-12,8.775,9.05,8.7525,9.0275,8.550489,1866800
2010-01-13,9.0825,9.4,8.9875,9.335,8.841743,1442000
2010-01-14,9.3475,9.4425,9.3025,9.35,8.855948,1028400
2010-01-15,9.1825,9.195,8.9125,9.015,8.53865,2452800
2010-01-19,9.0475,9.3,8.9975,9.2925,8.801486,1736400
2010-01-20,9.1875,9.3,9.02,9.25,8.76123,2017200
2010-01-21,9.3,9.4875,9.21,9.3075,8.815691000000001,2466000
2010-01-22,9.3075,9.3925,8.9825,9.0125,8.536280999999999,1602400
2010-01-25,9.065,9.2,9.04,9.1275,8.645204,1302800
2010-01-26,9.075,9.145,8.8625,8.87,8.401311,1676000
2010-01-27,8.84,9.1675,8.735,9.125,8.642837,2150800
2010-01-28,8.89,9.0,8.145,8.1475,7.716987,7360000
2010-01-29,8.1975,8.2475,7.81,7.835,7.421,3382800
2010-02-01,7.8425,8.0025,7.81,7.9925,7.570177,1856800
2010-02-02,8.025,8.3125,8.01,8.3125,7.8732690000000005,2856000
2010-02-03,8.29,8.39,8.1725,8.315,7.875636999999999,3080400
2010-02-04,8.035,8.1425,7.91,8.0,7.577281,5684800
2010-02-05,7.975,8.085,7.8775,8.04,7.615168,3012000
2010-02-08,8.0175,8.2275,7.97,8.0975,7.6696279999999994,2164800
2010-02-09,8.225,8.425,8.1925,8.3425,7.901683,2364400
2010-02-10,8.2875,8.305,7.8975,7.94,7.5204509999999996,2656800
2010-02-11,7.95,8.1625,7.9,8.0825,7.655422,3575200
2010-02-12,8.045,8.205,7.8575,8.1875,7.754873,2327200
2010-02-16,8.2925,8.5625,8.2475,8.5025,8.053228,1916000
2010-02-17,8.5625,8.625,8.4625,8.5625,8.11006,1792000
2010-02-18,8.5775,8.8975,8.555,8.89,8.420253,2375600
2010-02-19,8.88,9.2125,8.84,9.1225,8.640469,3352400
2010-02-22,9.1325,9.295,8.8675,8.8825,8.413152,2300800
2010-02-23,8.865,8.9775,8.6825,8.73,8.268707000000001,1634400
2010-02-24,8.7275,8.825,8.675,8.7375,8.275812,1399600
2010-02-25,8.52,8.685,8.51,8.655,8.197671000000001,1677600
2010-02-26,8.68,8.78,8.605,8.75,8.287651,1939600
2010-03-01,8.805,9.375,8.8025,9.2925,8.801486,4232000
2010-03-02,9.3625,9.43,9.0525,9.065,8.586007,2903200
2010-03-03,9.1125,9.225,8.9975,9.155,8.671253,1382400
2010-03-04,9.14,9.205,8.9275,9.0575,8.578904,1340400
2010-03-05,9.1425,9.2925,9.0625,9.2875,8.796750999999999,2717600
2010-03-08,9.25,9.3925,8.99,9.025,8.548119,2030800
2010-03-09,9.025,9.4925,9.025,9.49,8.98855,4521600
2010-03-10,9.48,10.095,9.48,10.025,9.495281,5502000
2010-03-11,9.975,10.1175,9.9375,10.095,9.561581,3516400
2010-03-12,10.0625,10.16,9.9475,10.14,9.604204,2555600
2010-03-15,10.0675,10.29,10.065,10.1975,9.658667,2671200
2010-03-16,10.1925,10.2275,10.035,10.08,9.547376,2453600
2010-03-17,10.11,10.3075,9.995,10.255,9.713127,2256800
2010-03-18,10.285,10.35,10.1025,10.1025,9.568686,1341200
2010-03-19,10.0425,10.1325,9.8125,10.0425,9.511856,3152400
2010-03-22,9.9525,10.3575,9.875,10.3225,9.77706,1887600
2010-03-23,10.3725,10.4975,10.2325,10.4675,9.914399000000001,1567600
2010-03-24,10.38,10.495,10.19,10.2675,9.724965,1607600
2010-03-25,10.3275,10.5975,10.275,10.28,9.736806,1910800
2010-03-26,10.34,10.6475,10.28,10.3325,9.786533,1465200
2010-03-29,10.34,10.48,10.255,10.285,9.741543,1010400
2010-03-30,10.3,10.4025,10.1875,10.28,9.736806,1028400
2010-03-31,10.22,10.5,10.2075,10.3075,9.762853999999999,2074400
2010-04-01,10.3975,10.47,10.1775,10.2225,9.682343,1848400
2010-04-05,10.245,10.28,10.1025,10.275,9.73207,1346400
2010-04-06,10.1875,10.385,10.1875,10.245,9.703656,1208800
2010-04-07,10.245,10.245,9.97,10.01,9.481073,1949600
2010-04-08,10.0,10.685,10.0,10.445,9.893085000000001,3802400
2010-04-09,10.5275,10.55,10.2925,10.54,9.983068,1144000
2010-04-12,10.6,10.9275,10.585,10.855,10.281423,2223200
2010-04-13,10.815,10.99,10.715,10.8975,10.321677000000001,2920400
2010-04-14,10.96,11.095,10.9125,11.0425,10.459014999999999,2156000
2010-04-15,11.08,11.36,11.04,11.265,10.669758,2248000
2010-04-16,11.275,11.32,10.59,10.7725,10.203282000000002,3186800
2010-04-19,10.425,10.7825,10.3575,10.47,9.916766,1974800
2010-04-20,10.535,10.62,10.2625,10.51,9.954652000000001,1592400
2010-04-21,10.5,10.6425,10.03,10.2775,9.734438,2922800
2010-04-22,10.2,10.6425,10.0975,10.5025,9.94755,2683200
2010-04-23,10.685,11.06,10.6375,10.9475,10.369036,2796400
2010-04-26,11.05,11.25,10.9475,11.22,10.627138,2401200
2010-04-27,11.11,11.43,10.4675,10.5225,9.966492,2934000
2010-04-28,10.61,10.6825,10.3575,10.56,10.00201,3124400
2010-04-29,10.66,10.735,10.445,10.505,9.949919,1862400
2010-04-30,10.55,10.685,10.35,10.3525,9.805475,2348000
2010-05-03,10.825,11.5175,10.765,11.3,10.702910000000001,5806400
2010-05-04,11.24,11.24,10.4725,10.63,10.068313,3158400
2010-05-05,10.475,10.79,10.2525,10.5925,10.032793,3173200
2010-05-06,10.5275,10.6525,9.2575,9.9075,9.383989999999999,4126800
2010-05-07,9.95,10.55,9.8075,10.2575,9.715494,5511600
2010-05-10,10.7475,10.8875,10.56,10.8625,10.288527,2487200
2010-05-11,10.685,11.1325,10.5925,11.0775,10.492167,2014400
2010-05-12,11.095,11.525,11.095,11.5125,10.90418,2092000
2010-05-13,11.4725,11.725,11.33,11.405,10.802361,1554400
2010-05-14,11.3275,11.3825,11.065,11.205,10.612929,1351600
2010-05-17,11.24,11.525,10.975,11.3625,10.762105,1877200
2010-05-18,11.5425,11.6475,11.3325,11.3775,10.776311999999999,3063600
2010-05-19,11.285,11.515,11.16,11.355,10.755003,3524800
2010-05-20,10.9075,11.1775,10.5775,10.585,10.025687,3647600
2010-05-21,10.2925,11.2025,10.28,11.0875,10.501636999999999,3469200
2010-05-24,11.085,11.2475,11.01,11.09,10.504005000000001,2300800
2010-05-25,10.76,11.5525,10.72,11.4875,10.880503,3420400
2010-05-26,11.575,12.0175,11.4,11.68,11.06283,4450000
2010-05-27,11.875,12.2625,11.7825,12.175,11.531675,3272000
2010-05-28,12.18,12.18,11.6625,11.675,11.058096,3305600
2010-06-01,11.7125,11.77,11.505,11.545,10.934964,2706400
2010-06-02,11.735,12.4825,11.735,12.4825,11.822927,3725600
2010-06-03,12.31,12.675,12.31,12.5725,11.908171000000001,2482000
2010-06-04,12.17,12.41,12.0275,12.0625,11.425119,2151200
2010-06-07,12.2025,12.2175,11.78,11.7975,11.17412,1407600
2010-06-08,11.8825,12.0225,11.5675,11.8875,11.259367,1396000
2010-06-09,12.0525,12.2925,11.885,11.9625,11.330404,1836000
2010-06-10,12.05,12.2925,11.94,12.2525,11.605082000000001,2242400
2010-06-11,12.1225,12.715,11.9525,12.715,12.043142,4062000
2010-06-14,12.93,13.15,12.76,12.8175,12.140225,2737200
2010-06-15,12.835,13.0575,12.835,12.94,12.256249,2402800
2010-06-16,12.875,13.2975,12.615,13.2,12.502513,3702000
2010-06-17,13.325,13.455,13.2125,13.325,12.620909,2630000
2010-06-18,13.315,13.5325,13.0775,13.1475,12.45279,2214800
2010-06-21,13.395,13.425,12.835,12.93,12.246777999999999,1553200
2010-06-22,12.9675,13.0225,12.395,12.4075,11.751888000000001,2050800
2010-06-23,12.4,12.66,12.155,12.4625,11.803984,2415200
2010-06-24,12.3375,12.48,12.0975,12.1175,11.477216,1735600
2010-06-25,12.1425,12.24,11.7575,11.875,11.247525999999999,3320400
2010-06-28,11.9025,12.3475,11.895,12.0825,11.444063,1584000
2010-06-29,11.8325,11.8325,11.255,11.3075,10.710014,2298800
2010-06-30,11.365,11.73,11.2275,11.2375,10.64371,2297600
2010-07-01,11.3575,11.635,10.8125,11.065,10.480327,2430400
2010-07-02,11.165,11.185,10.5,10.81,10.238802,1719200
2010-07-06,10.885,11.7175,10.885,11.1675,10.57741,3150000
2010-07-07,11.2275,11.775,11.04,11.76,11.138603,2097600
2010-07-08,11.79,11.9375,11.555,11.8275,11.202538,1606000
2010-07-09,11.8275,11.9725,11.7625,11.91,11.280676,964800
2010-07-12,11.8375,11.905,11.455,11.725,11.105453,1304800
2010-07-13,11.89,12.0,11.805,11.945,11.313827999999999,2056800
2010-07-14,11.92,12.3425,11.92,12.2075,11.562459,1943200
2010-07-15,12.1625,12.28,11.96,12.125,11.484319000000001,1924000
2010-07-16,12.1075,12.1625,11.9525,11.965,11.332771000000001,2047600
2010-07-19,12.0225,12.0225,11.45,11.925,11.294886,1846400
2010-07-20,11.88,12.2425,11.7675,12.2325,11.586136999999999,2092000
2010-07-21,12.265,12.3825,11.925,11.9825,11.349347999999999,2027600
2010-07-22,12.2,12.3275,12.02,12.315,11.664277,2332400
2010-07-23,12.315,12.53,12.265,12.5,11.839503,4671200
2010-07-26,12.595,12.9925,12.56,12.97,12.284667,2729200
2010-07-27,13.11,13.2275,12.5,12.74,12.066819,3223200
2010-07-28,12.685,13.0425,12.685,12.865,12.185212,1910400
2010-07-29,13.0075,13.0875,12.655,12.9375,12.253883,1407200
2010-07-30,12.74,13.0025,12.67,12.8975,12.215997999999999,1517200
2010-08-02,13.2,13.25,13.02,13.2375,12.538034,1630000
2010-08-03,13.115,13.185,12.75,12.835,12.156801,1120800
2010-08-04,12.935,12.955,12.6625,12.825,12.147328,1640800
2010-08-05,12.75,13.17,12.6975,13.11,12.417271000000001,2479600
2010-08-06,12.94,13.2125,12.775,13.175,12.478835,1761600
2010-08-09,13.2175,13.665,13.18,13.5225,12.807976,3949600
2010-08-10,13.4775,13.4775,13.1275,13.2525,12.552239,1572800
2010-08-11,12.8775,13.0625,12.42,12.44,11.782672999999999,1935600
2010-08-12,12.17,12.7125,12.0375,12.53,11.867915,1579200
2010-08-13,12.4575,12.85,12.3325,12.7775,12.102339,1547200
2010-08-16,12.69,13.0925,12.575,13.0175,12.329656,1416000
2010-08-17,13.1725,13.47,13.16,13.3025,12.599597,1756400
2010-08-18,13.25,13.5475,13.1725,13.5025,12.78903,3057600
2010-08-19,13.435,13.5475,12.84,12.86,12.180479,2227200
2010-08-20,12.775,12.775,12.2,12.51,11.848975,3047600
2010-08-23,12.5675,12.79,12.065,12.0725,11.43459,1877600
2010-08-24,11.84,11.9875,11.545,11.78,11.157549000000001,2091200
2010-08-25,11.6425,11.6425,11.2525,11.39,10.788153999999999,4030800
2010-08-26,11.4425,11.4975,11.1075,11.13,10.541891,2464800
2010-08-27,11.2275,11.2775,11.02,11.2,10.608195,3375600
2010-08-30,11.1875,11.32,11.09,11.0925,10.506371000000001,2586400
2010-08-31,11.0875,11.17,10.9725,11.0575,10.473224,3633600
2010-09-01,11.2325,11.3825,10.985,11.3025,10.705276,3626000
2010-09-02,11.2725,11.715,11.155,11.615,11.001266000000001,2334800
2010-09-03,11.8425,12.05,11.7425,11.83,11.204903999999999,2102400
2010-09-07,11.7475,11.7475,11.465,11.495,10.887607000000001,2116400
2010-09-08,11.505,11.56,11.255,11.33,10.731324,1636800
2010-09-09,11.525,11.665,11.3325,11.5825,10.970482,2425200
2010-09-10,11.6525,11.7375,11.5575,11.565,10.953906,1513600
2010-09-13,11.75,11.9475,11.705,11.8075,11.183593,1616000
2010-09-14,11.7525,12.1625,11.675,11.86,11.233317999999999,1731200
2010-09-15,11.8425,12.255,11.83,12.105,11.465373,1988400
2010-09-16,12.0675,12.0675,11.85,11.985,11.351714,1180800
2010-09-17,12.0525,12.11,11.6725,11.74,11.119659,1693600
2010-09-20,11.8125,11.9225,11.75,11.86,11.233317999999999,1424800
2010-09-21,11.885,12.425,11.875,12.325,11.673747,2285200
2010-09-22,12.2475,12.3575,12.065,12.085,11.446431,1116000
2010-09-23,12.015,12.1575,11.72,11.775,11.152811,1524800
2010-09-24,11.955,12.0825,11.8575,11.965,11.332771000000001,1134800
2010-09-27,12.085,12.75,12.0275,12.4925,11.832399,2228000
2010-09-28,12.5125,12.58,12.2625,12.41,11.75426,1256800
2010-09-29,12.375,12.8225,12.31,12.73,12.057348,2074400
2010-09-30,12.805,12.9625,12.7275,12.7575,12.083394,2580800
2010-10-01,12.9325,12.9625,12.3675,12.4475,11.789778,1663600
2010-10-04,12.43,12.59,11.9975,12.1425,11.500892,1512400
2010-10-05,12.26,12.285,11.945,12.215,11.569564,2567200
2010-10-06,12.22,12.395,12.0875,12.1875,11.543515,1043600
2010-10-07,12.2775,12.345,11.215,11.625,11.010736,7682400
2010-10-08,11.655,12.1725,11.6525,12.0475,11.410912,3212400
2010-10-11,12.035,12.1075,11.75,11.755,11.133867,1256800
2010-10-12,11.6875,11.8825,11.635,11.83,11.204903999999999,1434000
2010-10-13,11.9125,11.9375,11.8,11.885,11.256999,1598400
2010-10-14,11.8575,11.8975,11.7525,11.845,11.219111999999999,1549200
2010-10-15,12.01,12.015,11.69,11.7875,11.164651,1681200
2010-10-18,11.7875,11.91,11.7575,11.8975,11.268838,1102800
2010-10-19,11.7325,11.89,11.53,11.62,11.006001,1471600
2010-10-20,11.7,12.425,11.7,12.3525,11.699797,2051600
2010-10-21,12.535,12.6075,12.035,12.3175,11.666644,2862400
2010-10-22,12.36,12.6125,12.325,12.585,11.920011,1654800
2010-10-25,12.6375,12.845,12.56,12.7075,12.036037,1340800
2010-10-26,12.7125,12.98,12.54,12.83,12.152066,1245600
2010-10-27,12.7775,13.0975,12.635,13.0675,12.377017,1369200
2010-10-28,13.125,13.255,12.92,13.2025,12.504882,1390400
2010-10-29,13.1475,13.25,13.0175,13.2,12.502513,912800
2010-11-01,13.1975,13.215,13.01,13.11,12.417271000000001,1336800
2010-11-02,13.2175,13.345,13.135,13.3125,12.60907,1144000
2010-11-03,13.325,13.5675,13.2225,13.51,12.796134,1069600
2010-11-04,13.69,13.855,13.5775,13.8125,13.082647999999999,1852000
2010-11-05,13.8,14.12,13.8,13.97,13.231825,1722800
2010-11-08,13.8825,13.925,13.675,13.775,13.047130000000001,1248400
2010-11-09,13.775,13.84,13.34,13.385,12.67774,1208800
2010-11-10,13.385,13.5425,13.26,13.52,12.805606,1199200
2010-11-11,13.5,13.75,13.3125,13.425,12.715625,1162400
2010-11-12,13.32,13.695,13.3175,13.47,12.758248,1358400
2010-11-15,13.59,13.62,13.38,13.5125,12.798499000000001,832400
2010-11-16,13.4075,13.585,13.32,13.5425,12.826917,1828000
2010-11-17,13.5775,13.6675,13.165,13.225,12.526192,1340800
2010-11-18,13.2725,13.6275,13.2725,13.535,12.819814,1512000
2010-11-19,13.5125,13.8525,13.4475,13.7575,13.030555,1362800
2010-11-22,13.7275,13.9,13.6425,13.8625,13.130007,1116400
2010-11-23,13.7375,13.775,13.56,13.6575,12.935839999999999,1037200
2010-11-24,13.6875,14.0,13.585,14.0,13.260242000000002,1357600
2010-11-26,13.915,14.0,13.85,13.98,13.241297,727200
2010-11-29,13.88,14.04,13.665,13.875,13.141848999999999,970800
2010-11-30,13.7175,13.835,13.6375,13.75,13.023452,998800
2010-12-01,13.95,14.0,13.755,13.865,13.132375,1273600
2010-12-02,13.8325,13.8925,13.675,13.83,13.099224000000001,823200
2010-12-03,14.0,14.0,13.8675,13.9725,13.234195999999999,1138800
2010-12-06,13.9625,14.0875,13.8825,14.01,13.269714000000002,986000
2010-12-07,14.165,14.23,13.9225,14.05,13.3076,1087600
2010-12-08,14.07,14.07,13.8125,14.0075,13.267345,800800
2010-12-09,14.105,14.1575,13.975,14.0925,13.347856,1170000
2010-12-10,14.1375,14.25,13.97,14.2375,13.485192000000001,1433200
2010-12-13,14.2775,14.3575,14.0575,14.1225,13.376269,1080400
2010-12-14,14.1225,14.295,14.0375,14.085,13.340753,1175600
2010-12-15,14.115,14.2575,14.0,14.1475,13.399948,1798400
2010-12-16,14.1475,14.2,13.9675,14.13,13.383373,1432800
2010-12-17,14.1225,14.415,14.01,14.3725,13.61306,3106400
2010-12-20,14.3725,14.4725,14.2525,14.4175,13.655681,1622400
2010-12-21,14.475,14.7925,14.4125,14.765,13.984820000000001,1184400
2010-12-22,14.825,14.8975,14.525,14.575,13.804858,899600
2010-12-23,14.5775,14.65,14.325,14.35,13.59175,569200
2010-12-27,14.295,14.3275,13.9325,14.1375,13.390478,920000
2010-12-28,14.175,14.3,14.0875,14.26,13.506504000000001,857600
2010-12-29,14.31,14.5925,14.2175,14.3575,13.598853,1160400
2010-12-30,14.3475,14.465,14.3425,14.3725,13.61306,638800
2010-12-31,14.37,14.475,14.1725,14.1725,13.423625,751200
2011-01-03,14.375,14.565,14.335,14.47,13.705407000000001,924000
2011-01-04,14.5775,14.5925,14.1325,14.3525,13.594114999999999,941200
2011-01-05,14.29,14.9625,14.28,14.7775,13.996659,2032000
2011-01-06,14.8225,14.94,14.69,14.925,14.136364000000002,1522400
2011-01-07,15.0,15.7775,14.945,15.68,14.851469,2897600
2011-01-10,15.6725,15.9075,15.505,15.7375,14.905933,2208800
2011-01-11,15.775,15.7875,15.37,15.5525,14.730707,1101200
2011-01-12,15.6625,15.84,15.63,15.7775,14.943817999999998,1136800
2011-01-13,15.78,15.9975,15.7125,15.92,15.07879,769600
2011-01-14,15.835,16.084999,15.7375,16.025,15.178239999999999,852000
2011-01-18,15.9875,16.0,15.56,15.7425,14.910669,1431600
2011-01-19,15.87,16.059998999999998,15.63,15.67,14.842001000000002,1392800
2011-01-20,15.6375,15.73,15.135,15.3125,14.503391,1963600
2011-01-21,15.36,15.425,14.94,14.9775,14.18609,2075600
2011-01-24,14.97,15.29,14.875,15.19,14.387363,2092800
2011-01-25,15.3725,15.5825,14.755,15.2825,14.474976000000002,2937200
2011-01-26,15.315,15.35,14.8875,15.265,14.458398999999998,2970000
2011-01-27,15.15,15.7875,15.15,15.71,14.879883999999999,1765600
2011-01-28,15.675,15.69,14.8675,14.93,14.141101,1784400
2011-01-31,14.9525,15.1775,14.8025,14.81,14.027442,1425600
2011-02-01,14.965,15.635,14.965,15.5625,14.740179999999999,2141200
2011-02-02,15.385,15.4225,14.9725,15.0,14.207404,2047600
2011-02-03,15.08,15.1575,14.7775,14.9125,14.124526999999999,2355600
2011-02-04,14.9125,15.49,14.9125,15.3525,14.541277,2311600
2011-02-07,15.4125,15.67,15.2975,15.325,14.515228,990000
2011-02-08,15.28,15.6525,15.28,15.485,14.666773999999998,983200
2011-02-09,15.285,15.6025,15.265,15.5925,14.768595000000001,1206800
2011-02-10,15.4925,15.74,15.45,15.62,14.794641,1436800
2011-02-11,15.5025,16.09,15.42,15.975,15.130885000000001,1412400
2011-02-14,15.935,16.200001,15.8025,16.127501000000002,15.275325,1502800
2011-02-15,16.01,16.120001000000002,16.0,16.120001000000002,15.268222,1150400
2011-02-16,16.17,16.25,15.965,16.084999,15.235069000000001,996000
2011-02-17,16.049999,16.2425,16.049999,16.182501000000002,15.327420000000002,635200
2011-02-18,16.227501,16.245001000000002,15.9825,16.0075,15.161666,1239200
2011-02-22,15.6875,15.6875,14.875,15.0,14.207404,3133200
2011-02-23,15.005,15.0075,14.2075,14.3325,13.575173000000001,3493200
2011-02-24,14.37,14.6525,14.07,14.54,13.771707000000001,2801600
2011-02-25,14.605,14.8125,14.5025,14.805,14.022706,1234800
2011-02-28,14.985,15.0425,14.6325,14.8625,14.077167999999999,1880800
2011-03-01,14.8875,14.9025,14.0675,14.2325,13.480456,2018800
2011-03-02,14.2475,14.44,14.0375,14.1325,13.38574,1754800
2011-03-03,14.3375,14.8,14.3025,14.7,13.923255,2019200
2011-03-04,14.76,14.76,14.44,14.635,13.861689000000002,1126000
2011-03-07,14.5225,14.74,14.1875,14.43,13.667522,1559600
2011-03-08,14.47,15.29,14.425,15.18,14.377892000000001,2190800
2011-03-09,15.1925,15.1925,14.905,15.035,14.240552,1436800
2011-03-10,14.92,15.2375,14.6475,15.0875,14.290279,2065600
2011-03-11,14.6575,15.385,14.6575,15.175,14.373156,1666000
2011-03-14,14.99,15.1225,14.735,14.94,14.150572,1122000
2011-03-15,14.39,14.915,14.3575,14.775,13.99429,1367200
2011-03-16,14.645,14.97,14.455,14.535,13.76697,2018000
2011-03-17,14.8,14.8575,14.3325,14.3475,13.589381,1323600
2011-03-18,14.5525,15.2225,14.5425,15.0075,14.214506,2250800
2011-03-21,15.1,15.4025,14.9875,15.305,14.496285999999998,1210800
2011-03-22,15.3425,15.4525,14.9725,15.02,14.226346,1185600
2011-03-23,14.9675,15.275,14.7825,15.175,14.373156,865200
2011-03-24,15.2375,15.3025,15.0725,15.215,14.411042000000002,744000
2011-03-25,15.3075,15.665,15.195,15.4125,14.598107999999998,956800
2011-03-28,15.485,15.5425,15.38,15.42,14.605210000000001,1053600
2011-03-29,15.425,15.72,15.39,15.69,14.860944,1131600
2011-03-30,15.72,15.995,15.71,15.9125,15.071685,621200
2011-03-31,15.945,16.0,15.775,15.855,15.017223000000001,1012400
2011-04-01,15.995,16.022499,15.625,15.6775,14.849103,1212800
2011-04-04,15.6775,15.7475,15.5,15.635,14.808848000000001,951600
2011-04-05,15.65,15.8125,15.555,15.6525,14.825424,797600
2011-04-06,15.8,15.885,15.4875,15.8175,14.981704,894000
2011-04-07,15.8725,15.9125,15.57,15.7325,14.901197,798800
2011-04-08,15.7825,15.795,14.9975,15.03,14.235817,1710800
2011-04-11,15.05,15.1575,14.88,15.0025,14.20977,1636000
2011-04-12,14.9425,15.8075,14.9425,15.61,14.785167999999999,2989200
2011-04-13,15.6825,15.6825,15.0825,15.205,14.401570000000001,1377600
2011-04-14,14.9925,15.175,14.95,15.0675,14.271335999999998,1302400
2011-04-15,15.0225,15.1875,14.905,15.1025,14.304485999999999,872000
2011-04-18,15.095,15.185,14.75,15.0875,14.290279,1324400
2011-04-19,15.16,15.2225,14.9325,15.04,14.245288,1069600
2011-04-20,15.245,15.38,15.105,15.21,14.406305,890400
2011-04-21,15.45,15.45,14.86,15.145,14.344741,745600
2011-04-25,15.1125,15.36,14.95,15.2375,14.432351999999998,981600
2011-04-26,15.25,15.645,15.1525,15.5825,14.759124,1924000
2011-04-27,15.62,16.137501,15.565,16.112499,15.261119,1655200
2011-04-28,16.0825,16.17,15.8475,16.112499,15.261119,1235600
2011-04-29,16.17,16.522499,15.9475,16.467501000000002,15.59736,1680000
2011-05-02,16.6325,16.68,16.26,16.352501,15.488435999999998,884000
2011-05-03,16.370001000000002,16.635,16.18,16.592501000000002,15.715755,1635600
2011-05-04,16.6175,16.895,16.362499,16.559998999999998,15.684970999999999,1285200
2011-05-05,16.5,17.247498999999998,16.475,17.025,16.125401,1554800
2011-05-06,17.219998999999998,17.3325,16.975,17.1325,16.227222,1709200
2011-05-09,17.084999,17.25,16.875,17.075001,16.172764,1008000
2011-05-10,17.190001000000002,17.415001,17.112499,17.2225,16.312464000000002,1539600
2011-05-11,17.2075,17.432501000000002,17.032498999999998,17.327499,16.411917000000003,1119200
2011-05-12,17.290001,17.5175,17.1075,17.442498999999998,16.520842000000002,1364000
2011-05-13,17.397499,17.5,17.155001000000002,17.27,16.357457999999998,958800
2011-05-16,17.2125,17.370001000000002,17.040001,17.0725,16.170389,1473600
2011-05-17,16.955,17.237499,16.93,17.110001,16.205911999999998,904400
2011-05-18,17.115,17.217501000000002,16.84,17.145,16.239059,797200
2011-05-19,17.2675,17.5,17.102501,17.440001000000002,16.518473,748400
2011-05-20,17.375,17.5,17.195,17.397499,16.47822,914400
2011-05-23,17.2075,17.325001,16.9825,17.025,16.125401,1442400
2011-05-24,17.122498999999998,17.165001,16.842501000000002,17.0175,16.118299,1390800
2011-05-25,16.959999,17.157498999999998,16.7075,16.875,15.983326000000002,1060400
2011-05-26,16.805,16.907498999999998,16.672501,16.827499,15.938339000000001,764800
2011-05-27,16.92,17.0075,16.73,16.8575,15.966754000000002,662400
2011-05-31,17.0425,17.09,16.795,16.885,15.992803,1428000
2011-06-01,16.84,16.98,16.305,16.379998999999998,15.514482999999998,1511200
2011-06-02,16.442498999999998,16.5425,16.305,16.42,15.552372,781200
2011-06-03,16.15,16.4125,15.935,15.9875,15.142723000000002,1520000
2011-06-06,15.9375,15.9875,15.6825,15.79,14.955657999999998,1238400
2011-06-07,15.87,16.139999,15.67,15.9275,15.085892999999999,1560800
2011-06-08,15.82,15.9975,15.5125,15.575,14.752018,1250800
2011-06-09,15.575,15.6075,15.3725,15.41,14.595737,818800
2011-06-10,15.405,15.575,15.3275,15.3875,14.574429,1184800
2011-06-13,15.4875,15.9,15.43,15.65,14.823056,968400
2011-06-14,15.7875,16.477501,15.7725,16.192498999999998,15.336888,2418400
2011-06-15,15.9975,16.155001000000002,15.75,16.0075,15.161666,1401600
2011-06-16,15.985,16.295,15.875,16.067498999999998,15.218496,900800
2011-06-17,16.262501,16.622498999999998,16.115,16.342501000000002,15.478966,1568800
2011-06-20,16.33,16.9475,16.315001000000002,16.73,15.845993,1108400
2011-06-21,16.785,17.057501000000002,16.73,16.969998999999998,16.073313,1362800
2011-06-22,16.92,17.0425,16.700001,16.715,15.831779000000001,943600
2011-06-23,16.7225,17.225,16.7225,17.145,16.239059,1274400
2011-06-24,17.122498999999998,17.122498999999998,16.5975,16.747498999999998,15.86256,2022000
2011-06-27,16.825001,17.135,16.74,16.9725,16.07568,1475200
2011-06-28,16.91,17.25,16.897499,17.1625,16.255636,1222400
2011-06-29,17.157498999999998,17.235001,16.834999,17.075001,16.172764,1695200
2011-06-30,17.1,17.407498999999998,17.1,17.115,16.210644,955600
2011-07-01,17.1675,17.3375,17.1425,17.275,16.362192,1399200
2011-07-05,17.2575,17.3025,16.99,17.18,16.272209,1202000
2011-07-06,17.275,17.6525,17.247498999999998,17.415001,16.494795,2180800
2011-07-07,17.5,17.5525,17.217501000000002,17.275,16.362192,2564000
2011-07-08,17.139999,17.445,17.120001000000002,17.395,16.475851000000002,1083200
2011-07-11,17.192498999999998,17.264999,16.885,16.9475,16.051998,859200
2011-07-12,16.872498999999998,16.940001000000002,16.522499,16.764999,15.87914,1402800
2011-07-13,16.955,17.24,16.83,16.8925,15.999904,1822800
2011-07-14,17.0,17.2775,16.725,16.8025,15.914654999999998,1473200
2011-07-15,16.889999,16.9375,16.6525,16.7775,15.890978,1019200
2011-07-18,16.6175,16.6425,16.025,16.307501000000002,15.445814000000002,1576400
2011-07-19,16.3375,16.7125,16.297501,16.705,15.822308999999999,1558800
2011-07-20,16.76,16.775,16.4025,16.424999,15.557106,1733200
2011-07-21,16.5425,16.797501,16.3025,16.487499,15.616302,1470800
2011-07-22,16.41,16.459999,16.002501000000002,16.084999,15.235069000000001,1272000
2011-07-25,15.935,15.9525,15.405,15.73,14.898829000000001,3418800
2011-07-26,15.685,15.875,15.61,15.6625,14.834895999999999,2156400
2011-07-27,15.5625,15.7825,15.265,15.4875,14.669145,2346800
2011-07-28,15.49,15.6525,15.1375,15.175,14.373156,1415200
2011-07-29,14.9725,15.3675,14.875,15.28,14.472607,1503200
2011-08-01,15.6175,15.87,14.9575,15.0175,14.223975,3107200
2011-08-02,14.975,15.0475,14.235,14.2675,13.513607999999998,2429200
2011-08-03,14.33,14.6825,13.985,14.6425,13.868793,2364800
2011-08-04,14.4325,14.55,13.8525,13.8625,13.130007,2840000
2011-08-05,14.0825,14.1925,13.2225,13.7675,13.040027,2085200
2011-08-08,13.8325,13.8475,12.99,13.0525,12.362808,3103200
2011-08-09,13.3425,14.045,12.9475,14.0425,13.300494,3004400
2011-08-10,13.6525,13.7275,13.06,13.0875,12.395956,2750400
2011-08-11,13.095,13.9275,13.0575,13.7,12.976092,1840400
2011-08-12,13.8625,14.3575,13.8225,13.995,13.255505,1528400
2011-08-15,14.115,14.475,14.115,14.365,13.605955999999999,1035600
2011-08-16,14.1425,14.6525,14.09,14.39,13.629635999999998,1792800
2011-08-17,14.415,14.595,14.0825,14.325,13.568069,1044000
2011-08-18,13.8425,13.8475,13.3425,13.4675,12.755878,1646400
2011-08-19,13.1925,13.8375,13.1925,13.3325,12.628012,1973200
2011-08-22,13.7225,13.7525,13.155,13.1925,12.495409,1718400
2011-08-23,13.265,13.735,13.1825,13.665,12.942944,1687600
2011-08-24,13.6025,13.81,13.495,13.7575,13.030555,1531200
2011-08-25,13.8575,14.0275,13.3525,13.3925,12.684842,1646400
2011-08-26,13.28,13.9975,13.165,13.9975,13.257876999999999,1758800
2011-08-29,14.1475,14.67,14.1475,14.66,13.885367,1201600
2011-08-30,14.55,14.76,14.3,14.5725,13.802491,1057200
2011-08-31,14.69,14.845,14.35,14.4325,13.669887,995600
2011-09-01,14.405,14.5725,13.9225,13.9475,13.210517000000001,1174000
2011-09-02,13.715,14.045,13.555,13.595,12.87664,997200
2011-09-06,13.1875,13.5225,13.1625,13.4925,12.779558999999999,1156400
2011-09-07,13.7275,14.155,13.695,14.0775,13.333647000000001,1314400
2011-09-08,13.94,14.03,13.54,13.6775,12.954783,1089600
2011-09-09,13.49,14.0825,13.2725,13.49,12.77719,1442000
2011-09-12,13.29,13.59,13.25,13.57,12.852961,910800
2011-09-13,13.6675,14.375,13.43,14.1075,13.362062,1816800
2011-09-14,14.23,15.1375,14.23,14.885,14.098478,2651600
2011-09-15,15.155,15.2225,14.815,14.9275,14.138732000000001,1192400
2011-09-16,14.9675,15.14,14.9,14.97,14.178989999999999,1847200
2011-09-19,14.755,14.94,14.6325,14.7875,14.006129999999999,855600
2011-09-20,14.85,14.9875,14.48,14.4825,13.717247,1308800
2011-09-21,14.495,14.605,13.8375,13.8475,13.115798999999999,1144000
2011-09-22,13.405,13.9325,13.405,13.8625,13.130007,2700400
2011-09-23,13.895,14.61,13.895,14.6,13.828539000000001,1975200
2011-09-26,14.7625,14.8475,14.41,14.665,13.890103,1477200
2011-09-27,14.9625,14.9875,14.54,14.67,13.894836999999999,1309600
2011-09-28,14.6775,14.79,14.33,14.35,13.59175,1601200
2011-09-29,14.5925,14.6775,14.1375,14.495,13.729085000000001,1164000
2011-09-30,14.25,14.4725,14.035,14.0725,13.328910999999998,1638000
2011-10-03,13.9175,14.135,12.815,12.83,12.152066,3052400
2011-10-04,12.78,13.6825,12.775,13.6425,12.921632,2707200
2011-10-05,13.6125,14.02,13.3725,13.94,13.203412,1717200
2011-10-06,13.725,14.52,13.725,14.5125,13.745662,2057200
2011-10-07,14.595,14.95,14.3,14.3825,13.62253,2062400
2011-10-10,14.76,15.0125,14.55,15.01,14.216873999999999,1626800
2011-10-11,14.94,15.4875,14.835,15.4425,14.626519,1541200
2011-10-12,15.4875,15.71,15.4175,15.5225,14.702293,1558400
2011-10-13,15.4925,16.1875,15.39,16.0625,15.213759,1734400
2011-10-14,16.120001000000002,16.122498999999998,15.685,15.9225,15.081156,1535600
2011-10-17,15.7475,16.057501000000002,15.6375,15.81,14.974601999999999,1658800
2011-10-18,15.8875,16.307501000000002,15.735,16.1425,15.289535,2085600
2011-10-19,16.137501,16.137501,15.73,15.81,14.974601999999999,1529600
2011-10-20,16.120001000000002,16.497498999999998,15.6625,16.477501,15.606832999999998,2197200
2011-10-21,16.545,16.59,16.0825,16.4925,15.621039999999999,3230400
2011-10-24,16.6325,17.327499,16.5525,17.1525,16.246161999999998,1806000
2011-10-25,16.870001000000002,16.8825,16.182501000000002,16.48,15.609201,1804400
2011-10-26,16.547501,16.6975,16.165001,16.385,15.519217999999999,2063600
2011-10-27,17.049999,17.2075,16.467501000000002,17.127501000000002,16.222488000000002,1746800
2011-10-28,17.1075,17.1425,16.75,16.8125,15.924129,1201200
2011-10-31,16.540001,16.9025,16.42,16.6325,15.753641,1356800
2011-11-01,16.15,16.67,16.0975,16.4025,15.535797,2214800
2011-11-02,16.629998999999998,16.7425,16.2575,16.35,15.486068,1483200
2011-11-03,16.57,17.25,16.422501,17.205,16.295895,1891200
2011-11-04,17.102501,17.41,16.975,17.200001,16.291159,1929200
2011-11-07,17.1,17.334999,16.955,17.1625,16.255636,1263600
2011-11-08,17.309998999999998,17.3225,16.83,17.290001,16.376402,1299200
2011-11-09,16.887501,17.215,16.6775,16.717501000000002,15.834147,2230800
2011-11-10,16.950001,17.07,16.252501000000002,16.385,15.519217999999999,2062400
2011-11-11,16.530001000000002,17.120001000000002,16.51,17.0,16.101720999999998,1283200
2011-11-14,17.057501000000002,17.387501,16.7125,16.752501000000002,15.867303,1607600
2011-11-15,16.747498999999998,17.0725,16.6075,16.8825,15.990429,1442000
2011-11-16,16.6625,16.8125,16.5075,16.530001000000002,15.656559,1525200
2011-11-17,16.5,16.6425,16.077499,16.2075,15.351098,1675600
2011-11-18,16.23,16.450001,16.147499,16.2575,15.398456,1134000
2011-11-21,15.9975,16.032498999999998,15.6725,15.945,15.10247,1205600
2011-11-22,15.9625,16.01,15.635,15.665,14.837263,777200
2011-11-23,15.525,15.6225,15.2025,15.25,14.444192000000001,1453600
2011-11-25,15.1875,15.575,15.14,15.32,14.510492000000001,575200
2011-11-28,15.885,16.1175,15.7675,15.935,15.092998000000001,847200
2011-11-29,16.032498999999998,16.525,15.9425,16.325001,15.462391,1376800
2011-11-30,16.41,17.365,16.41,17.355,16.437967,2637200
2011-12-01,17.2425,18.0,17.192498999999998,17.545,16.617924,4703200
2011-12-02,17.487499,17.65,17.209999,17.415001,16.494795,1742000
2011-12-05,17.5,17.9925,17.4575,17.77,16.831039,2025200
2011-12-06,17.68,18.004998999999998,17.627501000000002,17.717501000000002,16.781311,2446000
2011-12-07,17.532498999999998,17.672501,17.405001000000002,17.514999,16.58951,2429200
2011-12-08,17.407498999999998,17.407498999999998,16.782498999999998,16.977501,16.080414,2243600
2011-12-09,17.067498999999998,17.5625,17.0,17.442498999999998,16.520842000000002,1478400
2011-12-12,17.262501,17.665001,17.2075,17.5525,16.625029,1596800
2011-12-13,17.7075,17.82,17.535,17.584999,16.655809,4234000
2011-12-14,17.512501,18.0375,17.360001,18.002501000000002,17.05125,2811600
2011-12-15,18.2075,18.5,18.0825,18.379998999999998,17.408801999999998,2678800
2011-12-16,18.42,19.0975,18.42,19.040001,18.033929999999998,4332000
2011-12-19,19.0375,19.127501000000002,18.522499,18.575001,17.593501999999997,1658400
2011-12-20,18.809998999999998,19.1325,18.674999,19.049999,18.0434,2253200
2011-12-21,18.9475,19.237499,18.75,19.127501000000002,18.116808,1161600
2011-12-22,19.174999,19.25,18.905001000000002,19.0875,18.078915,1081200
2011-12-23,19.105,19.105,18.577499,19.004998999999998,18.000778,1752400
2011-12-27,18.985001,19.285,18.75,18.9,17.901327,1242800
2011-12-28,18.815001000000002,18.9725,18.5,18.7125,17.72373,1070400
2011-12-29,18.682501000000002,19.012501,18.68,18.985001,17.981838,785600
2011-12-30,18.987499,19.0425,18.7325,18.772499,17.780565,1045200
2012-01-03,19.1075,19.165001,18.445,18.487499,17.51062,2173600
2012-01-04,18.465,18.6775,18.17,18.6075,17.624281,1688000
2012-01-05,18.5,18.870001000000002,18.397499,18.809998999999998,17.816082,1483200
2012-01-06,18.745001000000002,18.862499,18.442498999999998,18.465,17.489313,1942800
2012-01-09,18.584999,18.8825,18.4,18.690001000000002,17.702425,1644000
2012-01-10,18.465,18.692498999999998,18.309998999999998,18.475,17.498783,1745600
2012-01-11,18.305,18.502501000000002,18.105,18.2125,17.250158,2420800
2012-01-12,18.297501,18.327499,17.7575,18.040001,17.086771,2230800
2012-01-13,17.945,18.1675,17.725,18.127501000000002,17.169638,1800000
2012-01-17,18.309998999999998,18.4275,18.049999,18.09,17.134127,1016400
2012-01-18,18.115,18.5,17.877501000000002,18.352501,17.382759,1113600
2012-01-19,18.362499,18.674999,18.247498999999998,18.504998999999998,17.527197,1579200
2012-01-20,18.415001,18.6625,18.3225,18.379998999999998,17.408801999999998,1000000
2012-01-23,18.395,18.635,18.174999,18.43,17.456163,1347200
2012-01-24,18.377501000000002,18.684998999999998,18.264999,18.565001000000002,17.584028,1202800
2012-01-25,18.684998999999998,19.2875,18.6675,18.860001,17.863441,1987200
2012-01-26,18.1175,18.66,17.797501,18.1775,17.217007000000002,3015600
2012-01-27,18.174999,18.745001000000002,18.0,18.639999,17.655066,1625600
2012-01-30,18.4475,18.834999,18.445,18.637501,17.652697,1359600
2012-01-31,18.702499,19.092501000000002,18.327499,19.032498999999998,18.026820999999998,2098800
2012-02-01,19.120001000000002,19.469998999999998,19.0075,19.42,18.39385,1704400
2012-02-02,19.317498999999998,19.657498999999998,19.219998999999998,19.3575,18.334652,1512800
2012-02-03,19.622498999999998,19.8825,19.535,19.592501000000002,18.557236,1560000
2012-02-06,19.4625,19.5175,19.0825,19.3575,18.334652,1407200
2012-02-07,19.362499,19.485001,19.195,19.2075,18.192574,1378000
2012-02-08,19.09,19.235001,18.7775,18.93,17.929739,1442400
2012-02-09,19.07,19.07,18.620001000000002,19.0075,18.003147,1352000
2012-02-10,18.762501,18.975,18.5075,18.625,17.64086,1110800
2012-02-13,18.842501000000002,18.9375,18.672501,18.9375,17.936842000000002,913600
2012-02-14,18.887501,19.08,18.7575,19.0,17.996042000000003,1460400
2012-02-15,19.055,19.17,18.549999,18.6875,17.700052,2184800
2012-02-16,18.91,19.315001000000002,18.594998999999998,19.2675,18.249409,1939200
2012-02-17,19.389999,19.66,19.025,19.094998999999998,18.086026999999998,1840000
2012-02-21,19.0525,19.127501000000002,17.945,18.1175,17.160173,3622800
2012-02-22,18.012501,18.225,17.452499,17.52,16.594246,4262000
2012-02-23,17.52,17.612499,17.125,17.305,16.390606,2714800
2012-02-24,17.252501000000002,17.469998999999998,16.842501000000002,16.965,16.068571,2365600
2012-02-27,16.934998999999998,17.387501,16.8675,17.299999,16.38587,2110000
2012-02-28,17.3225,17.4825,17.139999,17.377501000000002,16.459278,2112800
2012-02-29,17.41,17.5625,17.092501000000002,17.1425,16.236696,2480400
2012-03-01,17.217501000000002,17.674999,17.1175,17.379998999999998,16.461645,1930400
2012-03-02,17.389999,17.6875,17.182501000000002,17.2775,16.364561,2253200
2012-03-05,17.16,17.2225,17.0,17.127501000000002,16.222488000000002,1713200
2012-03-06,17.025,17.245001000000002,16.842501000000002,17.09,16.186968,1802000
2012-03-07,17.065001000000002,17.174999,16.932501000000002,17.094998999999998,16.1917,1536000
2012-03-08,17.129998999999998,17.25,16.997498999999998,17.1675,16.26037,2642400
2012-03-09,17.147499,17.497498999999998,17.092501000000002,17.370001000000002,16.452171,1371200
2012-03-12,17.342501000000002,17.372498999999998,17.1,17.192498999999998,16.284048000000002,1340400
2012-03-13,17.25,17.5075,17.1425,17.504998999999998,16.580038000000002,1774400
2012-03-14,17.4825,17.567498999999998,17.174999,17.309998999999998,16.395342000000003,1910800
2012-03-15,17.4025,18.1525,17.282498999999998,17.99,17.039407999999998,3040800
2012-03-16,17.9375,18.084999,17.375,17.4475,16.525578,7539200
2012-03-19,17.445,17.77,17.26,17.58,16.651076999999997,1676800
2012-03-20,17.540001,17.715,17.305,17.65,16.717377,1650200
2012-03-21,17.639999,17.74,17.5,17.575001,16.646339,1228400
2012-03-22,17.525,17.645,17.25,17.299999,16.38587,2059400
2012-03-23,17.355,17.395,17.205,17.344998999999998,16.428495,1427000
2012-03-26,17.469998999999998,17.995001000000002,17.469998999999998,17.995001000000002,17.044145999999998,1654000
2012-03-27,17.965,18.16,17.705,17.75,16.812092,1190200
2012-03-28,17.815001000000002,18.24,17.674999,18.035,17.082037,2133800
2012-03-29,17.879998999999998,18.17,17.684998999999998,18.120001000000002,17.162542000000002,1250800
2012-03-30,18.165001,18.165001,17.775,17.91,16.963635999999997,1146600
2012-04-02,17.875,17.945,17.674999,17.82,16.878393,1587600
2012-04-03,17.82,18.285,17.82,18.049999,17.096237,1444600
2012-04-04,17.83,18.275,17.77,18.165001,17.205164,1771600
2012-04-05,18.110001,18.309998999999998,17.98,18.040001,17.086771,1202800
2012-04-09,17.66,17.889999,17.545,17.629998999999998,16.698432999999998,1530600
2012-04-10,17.635,17.715,17.115,17.125,16.220119,2212000
2012-04-11,17.285,17.34,17.139999,17.23,16.319571,1364600
2012-04-12,17.32,17.815001000000002,17.32,17.635,16.703167,1266000
2012-04-13,17.530001000000002,17.584999,17.365,17.379998999999998,16.461645,1060000
2012-04-16,17.42,17.705,17.344998999999998,17.450001,16.527945000000003,1302200
2012-04-17,17.535,17.725,17.48,17.615,16.684227,1704600
2012-04-18,17.559998999999998,17.764999,17.459999,17.485001,16.561096,1397600
2012-04-19,17.674999,17.975,17.200001,17.344998999999998,16.428495,1953600
2012-04-20,17.549999,17.73,17.195,17.254998999999998,16.343245,1895800
2012-04-23,16.98,17.014999,16.700001,16.91,16.016478,1751400
2012-04-24,16.905001000000002,17.155001000000002,16.905001000000002,16.975,16.078043,1286800
2012-04-25,17.184998999999998,17.43,16.969998999999998,17.15,16.243799,1218400
2012-04-26,17.110001,17.26,16.934998999999998,16.995001000000002,16.096987,1199200
2012-04-27,17.004998999999998,17.07,16.865,17.0,16.101720999999998,2031400
2012-04-30,17.014999,17.075001,16.795,16.9,16.007006,2274000
2012-05-01,16.879998999999998,16.955,16.73,16.805,15.917029000000001,2708600
2012-05-02,16.754998999999998,16.870001000000002,16.325001,16.51,15.637609,3012000
2012-05-03,16.51,16.754998999999998,16.48,16.615,15.737067999999999,3073600
2012-05-04,16.620001000000002,16.76,16.5,16.565001000000002,15.689708999999999,2162000
2012-05-07,16.545,16.865,16.52,16.764999,15.87914,2101800
2012-05-08,16.705,17.115,16.684998999999998,17.049999,16.149079999999998,2606800
2012-05-09,16.895,17.059998999999998,16.73,16.959999,16.063833,1612200
2012-05-10,17.025,17.209999,16.915001,17.0,16.101720999999998,1283400
2012-05-11,16.84,17.105,16.84,17.08,16.177498,1004600
2012-05-14,16.889999,17.059998999999998,16.889999,16.965,16.068571,1052400
2012-05-15,17.025,17.08,16.775,16.809998999999998,15.921766,981200
2012-05-16,16.85,17.225,16.775,16.855,15.964385,1230600
2012-05-17,16.825001,16.85,16.045,16.1,15.249278,1508200
2012-05-18,16.07,16.389999,15.955,16.17,15.315578,2745800
2012-05-21,16.165001,16.455,16.110001,16.379998999999998,15.514482999999998,1361600
2012-05-22,16.41,16.504998999999998,16.145,16.225,15.367676000000001,1003600
2012-05-23,16.094998999999998,16.16,15.645,16.115,15.263485999999999,1626000
2012-05-24,16.205,16.959999,16.195,16.92,16.025951,1953800
2012-05-25,16.92,17.16,16.84,16.98,16.082777,1156600
2012-05-29,17.055,17.200001,16.955,17.065001000000002,16.163288,1466600
2012-05-30,16.955,17.075001,16.725,16.809998999999998,15.921766,1373200
2012-05-31,16.9,17.275,16.790001,17.15,16.243799,2012400
2012-06-01,16.865,17.09,16.825001,16.905001000000002,16.011742,1491800
2012-06-04,16.985001,17.004998999999998,16.08,16.18,15.325053,1725800
2012-06-05,16.219998999999998,16.42,16.094998999999998,16.315001000000002,15.452917000000001,1301000
2012-06-06,16.434998999999998,16.745001000000002,16.334999,16.735001,15.850725,1215200
2012-06-07,16.915001,17.075001,16.725,16.9,16.007006,1903800
2012-06-08,17.145,17.5,17.014999,17.365,16.447433,1806400
2012-06-11,17.5,17.83,17.23,17.285,16.371662,2258200
2012-06-12,17.325001,17.629998999999998,17.209999,17.360001,16.442701,1366400
2012-06-13,17.4,17.73,17.27,17.5,16.575302,1441400
2012-06-14,17.76,17.795,17.459999,17.605,16.674754999999998,2099000
2012-06-15,17.67,17.68,17.264999,17.290001,16.376402,2013800
2012-06-18,17.18,17.684998999999998,17.120001000000002,17.625,16.693699,1876000
2012-06-19,17.719998999999998,17.950001,17.52,17.879998999999998,16.935226,1361400
2012-06-20,17.905001000000002,18.165001,17.700001,18.049999,17.096237,1635200
2012-06-21,18.125,18.25,17.959999,17.99,17.039407999999998,2377400
2012-06-22,18.18,18.205,18.049999,18.065001000000002,17.110445000000002,6309600
2012-06-25,17.93,18.004998999999998,17.49,17.639999,16.707902999999998,1250000
2012-06-26,17.639999,17.93,17.59,17.855,16.911545,1298000
2012-06-27,17.955,18.195,17.790001,18.120001000000002,17.162542000000002,1525400
2012-06-28,18.0,18.110001,17.665001,18.0,17.048885000000002,1388200
2012-06-29,18.235001,18.235001,17.825001,17.950001,17.001526000000002,1690800
2012-07-02,18.059998999999998,18.27,17.92,18.215,17.252522,1593400
2012-07-03,18.25,18.389999,18.02,18.375,17.404066,1257600
2012-07-05,18.395,18.82,18.305,18.809998999999998,17.816082,2833000
2012-07-06,18.635,19.23,18.635,18.98,17.9771,2238000
2012-07-09,18.83,18.83,17.85,18.07,17.115183,3523400
2012-07-10,18.02,18.190001000000002,17.594998999999998,17.85,16.906809,2186800
2012-07-11,17.924999,18.365,17.844998999999998,18.299999,17.333026999999998,3017200
2012-07-12,18.139999,18.434998999999998,17.955,18.23,17.266727,1811400
2012-07-13,18.309998999999998,18.575001,18.309998999999998,18.48,17.503513,1412600
2012-07-16,18.495001000000002,18.815001000000002,18.389999,18.629998999999998,17.645592,1123000
2012-07-17,18.745001000000002,18.785,18.365,18.615,17.631382000000002,1109200
2012-07-18,18.620001000000002,19.02,18.575001,18.674999,17.688213,1881200
2012-07-19,18.754998999999998,18.92,18.245001000000002,18.245001000000002,17.280936999999998,2450000
2012-07-20,18.200001,18.25,17.875,17.91,16.963635999999997,1930200
2012-07-23,17.719998999999998,17.870001000000002,17.389999,17.780001000000002,16.840506,1727400
2012-07-24,17.83,17.85,17.105,17.344998999999998,16.428495,1639000
2012-07-25,17.450001,17.525,17.105,17.225,16.314835000000002,2060000
2012-07-26,17.51,17.645,17.0,17.309998999999998,16.395342000000003,1569000
2012-07-27,17.285,17.67,17.025,17.540001,16.61319,1138400
2012-07-30,17.49,17.77,17.280001000000002,17.469998999999998,16.546888,1926800
2012-07-31,17.48,17.555,17.370001000000002,17.424999,16.504263,1600400
2012-08-01,17.530001000000002,17.575001,16.959999,16.985001,16.087513,1608200
2012-08-02,16.85,17.17,16.77,16.889999,15.997535999999998,1589200
2012-08-03,17.035,17.309998999999998,17.02,17.215,16.305363,1046800
2012-08-06,17.25,17.51,17.25,17.424999,16.504263,1505200
2012-08-07,17.455,17.555,17.315001000000002,17.415001,16.494795,2568800
2012-08-08,17.315001000000002,17.540001,17.200001,17.290001,16.376402,2738800
2012-08-09,17.205,17.33,17.105,17.155001000000002,16.248535,1667800
2012-08-10,17.155001000000002,17.375,16.905001000000002,17.09,16.186968,1060800
2012-08-13,17.02,17.16,16.855,17.049999,16.149079999999998,1048200
2012-08-14,17.115,17.205,16.93,16.985001,16.087513,955800
2012-08-15,17.0,17.155001000000002,16.945,17.055,16.153816,1151400
2012-08-16,17.075001,17.145,16.915001,17.094998999999998,16.1917,891400
2012-08-17,17.045,17.105,16.905001000000002,17.09,16.186968,1004200
2012-08-20,17.1,17.52,17.049999,17.385,16.466379,1155200
2012-08-21,17.389999,17.790001,17.360001,17.41,16.490057,1184800
2012-08-22,17.365,17.4,17.094998999999998,17.235001,16.324303,899800
2012-08-23,17.190001000000002,17.299999,16.945,17.02,16.120667,1016800
2012-08-24,16.950001,17.17,16.9,17.035,16.134874,597600
2012-08-27,17.200001,17.254998999999998,16.91,16.955,16.059101000000002,1014400
2012-08-28,16.895,16.969998999999998,16.690001000000002,16.790001,15.902823000000001,1200600
2012-08-29,16.77,16.844998999999998,16.545,16.75,15.864932000000001,882200
2012-08-30,16.719998999999998,16.870001000000002,16.605,16.775,15.888614000000002,563600
2012-08-31,16.885,17.02,16.725,16.775,15.888614000000002,611400
2012-09-04,16.715,16.809998999999998,16.344998999999998,16.745001000000002,15.860197,1154400
2012-09-05,16.68,17.129998999999998,16.66,16.915001,16.021214999999998,1495800
2012-09-06,16.940001000000002,17.360001,16.915001,17.18,16.272209,1064400
2012-09-07,17.264999,17.440001000000002,17.115,17.395,16.475851000000002,875600
2012-09-10,17.424999,17.74,17.325001,17.41,16.490057,1123400
2012-09-11,17.325001,17.450001,17.17,17.23,16.319571,1071800
2012-09-12,17.219998999999998,17.42,17.219998999999998,17.360001,16.442701,877600
2012-09-13,17.334999,17.525,17.17,17.434998999999998,16.513741,769200
2012-09-14,17.434998999999998,17.434998999999998,17.0,17.290001,16.376402,1897200
2012-09-17,17.25,17.315001000000002,17.075001,17.209999,16.300623,1129800
2012-09-18,17.145,17.24,16.885,17.040001,16.13961,1266200
2012-09-19,17.16,17.385,17.094998999999998,17.254998999999998,16.343245,1345000
2012-09-20,17.135,17.26,17.0,17.059998999999998,16.15855,872000
2012-09-21,17.174999,17.23,16.790001,16.860001,15.969120000000002,1369600
2012-09-24,16.764999,16.959999,16.385,16.815001000000002,15.926497,1702800
2012-09-25,16.860001,17.049999,16.67,16.834999,15.945438000000001,2041400
2012-09-26,16.975,17.950001,16.969998999999998,17.870001000000002,16.925753,2362600
2012-09-27,17.934998999999998,17.969998999999998,17.705,17.764999,16.826303,1217000
2012-09-28,17.655001000000002,17.745001000000002,17.52,17.530001000000002,16.603718,1430600
2012-10-01,17.469998999999998,17.655001000000002,17.285,17.584999,16.655809,1748400
2012-10-02,17.620001000000002,17.860001,17.6,17.84,16.897341,947000
2012-10-03,17.98,18.415001,17.764999,18.205,17.24305,1384000
2012-10-04,18.205,18.27,17.985001,18.145,17.186220000000002,942000
2012-10-05,18.235001,18.58,18.165001,18.26,17.295141,672000
2012-10-08,18.24,18.57,18.145,18.475,17.498783,1593600
2012-10-09,18.389999,18.395,18.0,18.215,17.252522,1123800
2012-10-10,18.25,18.389999,17.924999,18.285,17.318823000000002,1134000
2012-10-11,18.309998999999998,18.385,18.139999,18.280001000000002,17.314091,881400
2012-10-12,18.33,18.504998999999998,18.215,18.41,17.43722,647600
2012-10-15,18.51,18.584999,18.295,18.549999,17.569822,643400
2012-10-16,18.625,18.735001,18.455,18.73,17.740311,1140200
2012-10-17,18.74,18.885,18.450001,18.885,17.887119000000002,1112600
2012-10-18,18.9,19.205,18.9,19.084999,18.076551000000002,1351200
2012-10-19,19.045,19.09,18.790001,18.885,17.887119000000002,1194200
2012-10-22,18.82,19.200001,18.799999,19.040001,18.033929999999998,1262400
2012-10-23,18.995001000000002,19.184998999999998,18.76,19.110001,18.100229000000002,1260000
2012-10-24,19.219998999999998,19.295,19.065001000000002,19.174999,18.161791,1392000
2012-10-25,19.15,19.215,18.834999,19.084999,18.076551000000002,1402800
2012-10-26,19.059998999999998,19.165001,18.625,19.145,18.133379,2113600
2012-10-31,19.025,19.195,18.625,19.120001000000002,18.109704999999998,1515800
2012-11-01,19.125,19.5,18.825001,19.5,18.469622,2068800
2012-11-02,19.559998999999998,19.690001000000002,19.41,19.52,18.488567,1334200
2012-11-05,19.584999,20.07,19.545,20.065001000000002,19.00477,2141600
2012-11-06,20.094998999999998,20.75,19.885,20.73,19.634628,2213800
2012-11-07,20.584999,20.584999,20.045,20.225,19.156317,1898400
2012-11-08,20.245001000000002,20.719998999999998,20.110001,20.58,19.492552,2022800
2012-11-09,20.48,20.73,20.18,20.344998999999998,19.269972,1566600
2012-11-12,20.450001,20.75,20.295,20.67,19.577801,1435800
2012-11-13,20.59,21.24,20.495001000000002,20.66,19.568329000000002,1856400
2012-11-14,20.705,20.965,20.209999,20.26,19.189466,1863800
2012-11-15,20.25,20.75,20.035,20.440001000000002,19.359955,1922000
2012-11-16,20.375,20.389999,19.780001000000002,20.360001,19.28418,1988000
2012-11-19,20.445,20.77,20.445,20.764999,19.667776,1756400
2012-11-20,20.715,20.945,20.545,20.91,19.805119,1662000
2012-11-21,20.9,20.93,20.700001,20.905001000000002,19.800386,818800
2012-11-23,21.0,21.264999,20.84,21.245001000000002,20.122419,636800
2012-11-26,21.245001000000002,21.360001,20.719998999999998,21.24,20.117682000000002,1164000
2012-11-27,21.16,21.375,21.094998999999998,21.135,20.018232,1012200
2012-11-28,21.135,21.285,20.9,21.280001000000002,20.155567,1643400
2012-11-29,21.389999,21.4,21.115,21.305,20.179247,959600
2012-11-30,21.309998999999998,21.535,21.135,21.375,20.245546,3951400
2012-12-03,21.440001000000002,21.49,21.105,21.25,20.127153,1196400
2012-12-04,21.305,21.495001000000002,21.025,21.295,20.169777,1263200
2012-12-05,21.325001,21.455,21.17,21.235001,20.112944,1409200
2012-12-06,21.225,21.42,21.135,21.26,20.136625,1186200
2012-12-07,21.375,21.445,21.08,21.25,20.127153,1364000
2012-12-10,21.219998999999998,21.4,21.055,21.275,20.150833,1109400
2012-12-11,21.379998999999998,21.834999,21.225,21.715,20.567583,1160400
2012-12-12,21.695,21.915001,21.52,21.559998999999998,20.420769,828800
2012-12-13,21.525,21.934998999999998,21.525,21.67,20.52496,761200
2012-12-14,21.605,21.805,21.344998999999998,21.58,20.439716,1152800
2012-12-17,21.700001,22.120001000000002,21.68,21.99,20.828049,1264400
2012-12-18,22.02,22.209999,21.92,22.184998999999998,21.012741000000002,1741800
2012-12-19,22.16,22.575001,22.155001000000002,22.4,21.216391,1552000
2012-12-20,22.434998999999998,22.52,22.174999,22.459999,21.273214000000003,1093800
2012-12-21,22.309998999999998,22.325001,22.045,22.209999,21.036427,2223600
2012-12-24,22.165001,22.245001000000002,21.965,22.075001,20.908564000000002,380800
2012-12-26,22.055,22.17,21.67,21.74,20.591259,1166800
2012-12-27,21.73,21.870001000000002,21.459999,21.629998999999998,20.487076000000002,878200
2012-12-28,21.59,21.625,21.315001000000002,21.365,20.236073,1180000
2012-12-31,21.415001,21.635,21.315001000000002,21.545,20.406565,1383200
2013-01-02,22.014999,22.110001,21.799999,21.969998999999998,20.809107,2173400
2013-01-03,22.014999,22.41,21.66,22.379998999999998,21.197443,2602600
2013-01-04,22.375,22.75,22.344998999999998,22.690001000000002,21.49106,1215000
2013-01-07,22.68,23.445,22.68,23.174999,21.950434,2080200
2013-01-08,23.145,23.555,22.955,23.0,21.784681,1748000
2013-01-09,23.08,23.245001000000002,23.030001000000002,23.155001000000002,21.931496,1069200
2013-01-10,23.254998999999998,23.370001000000002,22.969998999999998,22.985001,21.770473000000003,1035200
2013-01-11,23.084999,23.43,23.0,23.42,22.182491,1421200
2013-01-14,23.424999,23.469998999999998,23.084999,23.215,21.988323,1008800
2013-01-15,23.225,23.49,22.905001000000002,23.35,22.116192,860800
2013-01-16,23.355,23.57,23.200001,23.49,22.248791,1060200
2013-01-17,23.620001000000002,23.684998999999998,23.395,23.52,22.277206,1293800
2013-01-18,23.48,23.52,23.174999,23.32,22.087772,1258800
2013-01-22,23.389999,23.705,23.195,23.59,22.343508,1733800
2013-01-23,23.705,23.705,23.219998999999998,23.325001,22.092508,1288800
2013-01-24,23.375,23.915001,22.855,23.195,21.969378,1729800
2013-01-25,23.190001000000002,23.450001,22.725,23.305,22.073567999999998,1888200
2013-01-28,23.385,23.76,23.27,23.535,22.291412,1687400
2013-01-29,23.344998999999998,23.495001000000002,22.975,23.18,21.955173000000002,1312600
2013-01-30,23.18,23.285,22.940001000000002,23.030001000000002,21.813098999999998,862800
2013-01-31,23.065001000000002,23.25,22.91,23.065001000000002,21.846252,970800
2013-02-01,23.155001000000002,23.555,23.135,23.285,22.054625,1484800
2013-02-04,23.055,23.34,22.885,23.254998999999998,22.026207,1285400
2013-02-05,23.325001,23.715,23.26,23.43,22.191963,952600
2013-02-06,23.290001,23.790001,23.290001,23.709999,22.457165,970000
2013-02-07,23.594998999999998,24.01,23.555,23.9,22.637125,1174400
2013-02-08,23.995001000000002,24.434998999999998,23.940001000000002,24.334999,23.049143,1012600
2013-02-11,24.41,24.605,24.120001000000002,24.4,23.11071,1125000
2013-02-12,24.405001000000002,24.559998999999998,24.27,24.43,23.139128,1280200
2013-02-13,24.440001000000002,24.76,24.385,24.76,23.451685,1146800
2013-02-14,24.665001,24.68,24.15,24.355,23.068085,1206000
2013-02-15,24.465,24.885,24.440001000000002,24.49,23.195953,1269800
2013-02-19,24.459999,25.16,24.32,25.15,23.821079,1416200
2013-02-20,25.105,25.334999,24.58,24.625,23.32382,1034200
2013-02-21,24.805,24.975,24.57,24.82,23.50852,1192400
2013-02-22,24.965,25.405001000000002,24.9,25.4,24.057865,1261000
2013-02-25,25.475,25.76,24.754998999999998,24.775,23.465892999999998,1452200
2013-02-26,24.93,25.1,24.549999,24.995001000000002,23.674271,1853400
2013-02-27,24.92,25.895,24.92,25.719998999999998,24.360958,1560600
2013-02-28,25.75,25.98,25.645,25.775,24.413054000000002,1862400
2013-03-01,25.68,26.360001,25.655001000000002,26.200001,24.815596,1695000
2013-03-04,26.26,27.309998999999998,26.045,27.264999,25.824317999999998,2497400
2013-03-05,27.395,28.120001000000002,27.295,27.924999,26.449441999999998,2583800
2013-03-06,28.084999,28.27,27.639999,27.84,26.368937,1924400
2013-03-07,27.9,28.025,27.665001,28.014999,26.534691,1024800
2013-03-08,28.299999,28.780001000000002,28.215,28.75,27.230852000000002,1817600
2013-03-11,28.559998999999998,28.725,28.385,28.555,27.046158000000002,1198000
2013-03-12,28.49,28.709999,28.370001000000002,28.514999,27.008271999999998,1227800
2013-03-13,28.715,29.940001000000002,28.715,29.73,28.159066999999997,2302400
2013-03-14,29.754998999999998,29.879998999999998,29.5,29.775,28.201694,1690000
2013-03-15,29.764999,29.875,29.42,29.620001000000002,28.054884,1885200
2013-03-18,29.415001,30.395,29.059998999999998,30.290001,28.689482,1182600
2013-03-19,30.424999,30.815001000000002,30.025,30.459999,28.850494,1299200
2013-03-20,30.674999,31.530001000000002,30.469998999999998,31.5,29.835546,1905800
2013-03-21,31.355,31.639999,30.725,30.924999,29.290928000000005,1223800
2013-03-22,31.065001000000002,31.495001000000002,30.969998999999998,31.424999,29.764505,1042200
2013-03-25,31.584999,31.809998999999998,31.02,31.16,29.513512,1385200
2013-03-26,31.299999,31.74,31.16,31.395,29.736096999999997,1466200
2013-03-27,31.190001000000002,31.745001000000002,31.02,31.645,29.972883000000003,735600
2013-03-28,31.815001000000002,32.275002,31.815001000000002,31.98,30.290182,1245800
2013-04-01,31.875,32.25,31.67,31.799999,30.119691999999997,1364800
2013-04-02,31.485001,31.559998999999998,29.415001,29.629998999999998,28.064356,3937600
2013-04-03,29.735001,30.15,28.629998999999998,28.91,27.382402000000003,2820000
2013-04-04,28.83,29.955,28.76,29.934998999999998,28.353234999999998,1438400
2013-04-05,29.23,29.709999,28.355,29.684998999999998,28.116449,1144800
2013-04-08,29.77,30.129998999999998,29.465,30.105,28.514256,1330000
2013-04-09,30.365,30.42,29.450001,29.525,27.964903000000003,1217200
2013-04-10,29.530001000000002,29.975,29.459999,29.85,28.272728000000004,1566600
2013-04-11,29.815001000000002,30.205,29.559998999999998,29.690001000000002,28.121184999999997,1289000
2013-04-12,29.549999,29.98,29.32,29.57,28.007523,1191200
2013-04-15,29.530001000000002,29.860001,28.174999,28.315001000000002,26.818838,2257400
2013-04-16,29.125,30.674999,28.915001,30.559998999999998,28.945213,3660600
2013-04-17,30.405001000000002,30.43,29.5,29.92,28.339028999999996,2121600
2013-04-18,29.905001000000002,29.969998999999998,29.24,29.355,27.803886,1485400
2013-04-19,29.405001000000002,30.4,29.07,30.174999,28.580559,1615800
2013-04-22,30.174999,30.225,29.32,29.790001,28.215902000000003,1394600
2013-04-23,29.844998999999998,30.844998999999998,29.629998999999998,30.57,28.954689000000002,1728400
2013-04-24,30.525,30.625,30.014999,30.440001000000002,28.831553999999997,1374400
2013-04-25,30.645,31.065001000000002,30.055,30.120001000000002,28.528467,1468600
2013-04-26,30.209999,30.615,29.924999,30.33,28.727366999999997,1352000
2013-04-29,30.34,30.775,30.34,30.58,28.964154999999998,1132000
2013-04-30,30.610001,30.889999,30.290001,30.82,29.191475,1238400
2013-05-01,30.82,30.985001,29.68,29.865,28.28694,1651200
2013-05-02,30.049999,30.424999,29.785,30.35,28.746311,970600
2013-05-03,30.67,31.424999,30.565001000000002,31.365,29.70768,1596800
2013-05-06,31.5,33.240002000000004,31.379998999999998,33.075001,31.327317999999998,3252800
2013-05-07,33.240002000000004,33.830002,33.150002,33.735001000000004,31.95245,2261200
2013-05-08,33.735001000000004,34.0,33.384997999999996,33.665001000000004,31.886152000000003,1825600
2013-05-09,33.720001,33.900002,32.855,32.915001000000004,31.175777000000004,1206800
2013-05-10,33.080002,33.470001,32.950001,33.075001,31.327317999999998,1238000
2013-05-13,32.610001000000004,33.325001,32.549999,32.959998999999996,31.218403000000002,1720400
2013-05-14,32.915001000000004,33.189999,32.255001,32.735001000000004,31.005292999999998,1816000
2013-05-15,32.59,33.970001,32.575001,32.955002,31.213666999999997,2182200
2013-05-16,32.959998999999996,33.145,31.815001000000002,31.975,30.285446000000004,1819800
2013-05-17,32.075001,32.779999,32.07,32.605,30.882162,1917400
2013-05-20,32.610001000000004,32.904999,29.615,29.865,28.28694,6260400
2013-05-21,29.625,29.85,27.965,29.27,27.723377000000003,5833200
2013-05-22,29.299999,29.875,28.59,28.780001000000002,27.259271999999996,2385800
2013-05-23,28.450001,29.690001000000002,28.355,29.58,28.016997999999997,2783000
2013-05-24,29.129998999999998,29.35,28.610001,29.315001000000002,27.765999,1224800
2013-05-28,29.635,29.705,28.0,28.094998999999998,26.610466,2817400
2013-05-29,27.934998999999998,28.309998999999998,27.575001,27.975,26.496807,2218400
2013-05-30,27.955,28.43,27.955,28.120001000000002,26.634144,1260000
2013-05-31,28.025,29.135,27.879998999999998,28.41,26.908819,1934200
2013-06-03,28.475,28.834999,27.815001000000002,28.209999,26.719387,2706000
2013-06-04,28.290001,28.92,28.01,28.254998999999998,26.762009000000003,1513000
2013-06-05,28.139999,28.254998999999998,27.35,27.475,26.023224,1430800
2013-06-06,27.424999,27.865,26.73,27.395,25.947454,1635000
2013-06-07,27.700001,28.805,27.52,28.705,27.188231,1729800
2013-06-10,28.700001,29.120001000000002,28.035,28.125,26.638884,1201000
2013-06-11,27.665001,28.365,27.235001,28.135,26.64835,1768600
2013-06-12,28.379998999999998,28.695,28.02,28.200001,26.709916999999997,1210000
2013-06-13,28.200001,28.65,27.950001,28.465,26.960913,996600
2013-06-14,28.465,28.860001,27.865,28.01,26.529957,993400
2013-06-17,28.23,28.360001,27.360001,27.665001,26.203188,990600
2013-06-18,27.735001,28.25,27.415001,28.139999,26.653086,935200
2013-06-19,28.049999,28.155001000000002,27.405001000000002,27.415001,25.966394,1351000
2013-06-20,27.17,27.17,26.575001,26.780001000000002,25.364948000000002,1327400
2013-06-21,26.955,26.965,25.48,26.075001,24.697201,2769200
2013-06-24,25.52,25.745001000000002,25.155001000000002,25.48,24.133638,1728800
2013-06-25,25.674999,25.855,25.43,25.594998999999998,24.242567,1804200
2013-06-26,25.865,25.870001000000002,25.195,25.209999,23.877901,1550400
2013-06-27,25.440001000000002,26.065001000000002,25.26,26.045,24.668787,2371800
2013-06-28,26.025,26.450001,25.73,26.0,24.626162,13313200
2013-07-01,26.1,26.934998999999998,26.040001,26.424999,25.028704,1919000
2013-07-02,26.445,26.535,25.92,25.975,24.602486,1999600
2013-07-03,25.645,26.15,25.58,25.91,24.54092,1149600
2013-07-05,26.25,26.290001,25.855,26.139999,24.758764000000003,612400
2013-07-08,26.200001,26.4,25.950001,25.975,24.602486,1879200
2013-07-09,26.299999,28.530001000000002,26.299999,27.965,26.487333000000003,3974800
2013-07-10,27.815001000000002,28.969998999999998,27.575001,28.77,27.249794,3138000
2013-07-11,29.285,29.834999,28.75,29.780001000000002,28.206429999999997,3050800
2013-07-12,29.99,31.09,29.915001,30.535,28.921534,3161600
2013-07-15,30.559998999999998,30.790001,30.25,30.535,28.921534,1500600
2013-07-16,30.645,30.950001,29.965,30.08,28.490576,1607200
2013-07-17,30.1,30.98,30.045,30.855,29.224625,1951800
2013-07-18,30.875,31.48,30.73,30.934998999999998,29.300397999999998,1944600
2013-07-19,30.5,31.02,30.389999,30.625,29.006783000000002,1276600
2013-07-22,30.75,31.110001,30.49,31.08,29.437738,1238600
2013-07-23,31.334999,31.385,30.530001000000002,31.0,29.361960999999997,1303400
2013-07-24,31.200001,31.475,30.559998999999998,30.58,28.964154999999998,1393600
2013-07-25,30.6,30.924999,29.334999,30.184998999999998,28.590027000000003,2119000
2013-07-26,29.969998999999998,31.385,29.809998999999998,31.290001,29.636644,1372600
2013-07-29,31.110001,31.235001,29.73,29.775,28.201694,2285800
2013-07-30,29.969998999999998,30.34,29.525,30.139999,28.547409000000002,1393000
2013-07-31,30.4,30.945,30.15,30.584999,28.968895,1390600
2013-08-01,30.754998999999998,31.625,30.719998999999998,31.209999,29.560867,1562200
2013-08-02,31.035,31.594998999999998,30.280001000000002,31.559998999999998,29.988459000000002,1524200
2013-08-05,31.360001,31.73,30.805,31.02,29.475351,1844400
2013-08-06,31.014999,31.139999,29.975,30.385,28.871969,1890200
2013-08-07,30.35,30.674999,29.83,30.535,29.0145,1174200
2013-08-08,30.969998999999998,31.165001,30.745001000000002,30.959999,29.418333,1969600
2013-08-09,30.809998999999998,30.959999,30.030001000000002,30.094998999999998,28.596411,1513000
2013-08-12,30.0,30.76,29.870001000000002,30.305,28.795954,2186400
2013-08-13,30.455,30.475,28.26,29.34,27.879004,6106000
2013-08-14,29.24,29.615,28.535,29.280001000000002,27.821990999999997,2737800
2013-08-15,28.98,29.32,28.415001,28.955,27.51318,2129600
2013-08-16,28.940001000000002,29.51,28.940001000000002,29.245001000000002,27.788742,1033600
2013-08-19,29.334999,29.34,28.66,28.695,27.266129,881000
2013-08-20,28.825001,29.469998999999998,28.74,29.219998999999998,27.764979999999998,1255000
2013-08-21,29.205,29.514999,29.025,29.325001,27.864753999999998,809000
2013-08-22,29.450001,30.135,29.440001000000002,30.125,28.624918,834800
2013-08-23,30.18,30.530001000000002,29.969998999999998,30.5,28.981245,1415000
2013-08-26,30.504998999999998,30.504998999999998,30.08,30.16,28.658172999999998,1288200
2013-08-27,29.674999,29.674999,28.190001000000002,28.485001,27.066582,1876600
2013-08-28,28.450001,28.639999,28.1,28.415001,27.000065000000003,1303200
2013-08-29,28.43,29.174999,28.280001000000002,28.865,27.427653999999997,1447200
2013-08-30,28.93,29.084999,28.235001,28.309998999999998,26.900292999999998,1393200
2013-09-03,28.84,29.15,28.035,28.245001000000002,26.838534999999997,1812000
2013-09-04,28.305,29.045,28.190001000000002,28.985001,27.541687,1257800
2013-09-05,29.059998999999998,29.639999,28.959999,28.98,27.536932,1095800
2013-09-06,28.995001000000002,29.17,28.405001000000002,28.690001000000002,27.261371999999998,788400
2013-09-09,28.860001,29.33,28.74,29.264999,27.807743,1095600
2013-09-10,29.735001,30.74,29.705,30.709999,29.180784000000003,1997200
2013-09-11,30.549999,30.625,30.135,30.385,28.871969,736800
2013-09-12,30.285,30.565001000000002,29.610001,29.65,28.173571000000003,1120600
2013-09-13,29.82,30.264999,29.629998999999998,30.17,28.667678999999996,891200
2013-09-16,30.625,30.879998999999998,30.315001000000002,30.805,29.271051,1009600
2013-09-17,30.9,31.209999,30.745001000000002,31.190001000000002,29.636881,707600
2013-09-18,31.075001,31.34,30.85,31.305,29.746159000000002,726600
2013-09-19,31.389999,31.52,31.09,31.290001,29.731903000000003,866800
2013-09-20,31.360001,31.674999,31.045,31.059998999999998,29.513357,1392200
2013-09-23,31.17,31.535,30.870001000000002,31.4,29.836423999999997,982000
2013-09-24,31.43,32.369999,31.43,31.870001000000002,30.283026,1061600
2013-09-25,31.950001,32.044998,31.450001,31.715,30.135735999999998,823400
2013-09-26,31.754998999999998,32.244999,31.709999,32.105,30.506319,1031400
2013-09-27,31.754998999999998,31.995001000000002,31.385,31.795,30.211759999999998,965600
2013-09-30,31.290001,31.51,31.02,31.309998999999998,29.750909999999998,1458800
2013-10-01,31.43,32.855,31.215,32.625,31.000427000000002,2363400
2013-10-02,32.605,32.705002,32.130001,32.450001,30.834146,841400
2013-10-03,32.424999,32.529999,31.76,32.400002,30.786633000000002,995400
2013-10-04,32.294998,32.634997999999996,32.150002,32.389998999999996,30.777134000000004,758400
2013-10-07,32.169998,32.654999,31.75,32.310001,30.701117,1366800
2013-10-08,31.75,31.825001,30.540001,30.665001,29.138021000000002,2265000
2013-10-09,30.719998999999998,31.030001000000002,30.129998999999998,30.719998999999998,29.190289,1547000
2013-10-10,31.285,31.375,31.040001,31.195,29.641636,1178200
2013-10-11,31.405001000000002,31.450001,30.834999,31.25,29.693896999999996,1689400
2013-10-14,31.059998999999998,31.82,30.955,31.764999,30.183253999999998,1319200
2013-10-15,31.790001,31.959999,31.305,31.35,29.788915999999997,1348600
2013-10-16,31.83,32.450001,31.775,32.16,30.558588,1749600
2013-10-17,32.185001,32.830002,32.075001,32.73,31.100201000000002,1271800
2013-10-18,33.0,33.110001000000004,32.66,32.764998999999996,31.133454999999998,839600
2013-10-21,32.950001,33.115002000000004,32.685001,32.924999,31.285491999999998,822800
2013-10-22,33.224998,33.764998999999996,33.025002,33.275002,31.618065,757400
2013-10-23,33.200001,33.645,32.759997999999996,33.514998999999996,31.846119,1523200
2013-10-24,34.494999,35.145,34.150002,34.84,33.105145,1465200
2013-10-25,34.794998,35.279999,34.549999,35.075001,33.328434,1060000
2013-10-28,34.959998999999996,35.375,34.685001,35.055,33.309425,1045200
2013-10-29,35.275002,35.720001,34.669998,35.275002,33.518475,1454200
2013-10-30,35.345001,35.465,34.305,34.869999,33.13364,1006800
2013-10-31,34.865002000000004,35.580002,34.619999,35.330002,33.570732,1171800
2013-11-01,35.57,36.169998,35.279999,36.099998,34.302391,1027200
2013-11-04,36.23,36.875,36.23,36.389998999999996,34.577957,1175200
2013-11-05,36.110001000000004,36.465,35.735001000000004,36.209998999999996,34.406906,985600
2013-11-06,36.544998,36.68,35.764998999999996,36.014998999999996,34.22163,1297200
2013-11-07,36.235001000000004,36.43,35.255001,35.305,33.546974,1234600
2013-11-08,35.755001,36.669998,35.740002000000004,36.369999,34.558949,1254600
2013-11-11,36.560001,36.845001,36.365002000000004,36.68,34.853508000000005,760000
2013-11-12,36.66,37.895,36.66,37.404999,35.542408,1536600
2013-11-13,37.345001,37.445,36.895,37.365002000000004,35.504397999999995,934000
2013-11-14,37.599998,38.360001000000004,37.599998,38.035,36.141037,1410800
2013-11-15,38.02,38.279999,37.57,37.794998,36.007659999999994,908200
2013-11-18,37.939999,38.395,37.855,37.91,36.117222,1127000
2013-11-19,38.334998999999996,38.73,37.630001,37.845001,36.055294,1303200
2013-11-20,37.93,38.165001000000004,37.580002,37.790001000000004,36.002891999999996,994200
2013-11-21,37.900002,38.220001,37.66,37.994999,36.198204,1536000
2013-11-22,38.110001000000004,38.709998999999996,38.02,38.575001,36.750774,809800
2013-11-25,38.799999,39.095001,38.66,38.994999,37.150913,974200
2013-11-26,38.994999,39.02,38.025002,38.490002000000004,36.669788,1064200
2013-11-27,38.68,39.264998999999996,38.68,39.095001,37.246181,1038400
2013-11-29,39.084998999999996,39.185001,38.73,38.869999,37.031818,570600
2013-12-02,38.884997999999996,39.195,38.400002,38.470001,36.650742,983000
2013-12-03,38.474998,38.474998,37.439999,37.924999,36.1315,1484200
2013-12-04,37.5,37.75,36.615002000000004,37.290001000000004,35.526539,1356200
2013-12-05,37.275002,37.5,36.485001000000004,37.209998999999996,35.450317,1604600
2013-12-06,36.415001000000004,36.869999,35.674999,36.755001,35.016838,2282200
2013-12-09,36.939999,37.485001000000004,36.799999,37.349998,35.583702,2147400
2013-12-10,37.285,37.665001000000004,36.91,37.014998999999996,35.264542,2232400
2013-12-11,37.134997999999996,37.220001,36.669998,36.735001000000004,34.997784,1749200
2013-12-12,36.5,36.549999,36.049999,36.154999,34.445213,1814800
2013-12-13,36.310001,36.494999,35.889998999999996,36.115002000000004,34.407108,1392600
2013-12-16,36.490002000000004,36.59,35.794998,36.125,34.416634,1203000
2013-12-17,36.215,36.275002,35.215,35.34,33.668758000000004,1312400
2013-12-18,35.485001000000004,35.555,34.805,35.355,33.683040999999996,3635400
2013-12-19,35.560001,35.790001000000004,35.150002,35.285,33.61636,1555400
2013-12-20,35.505001,37.150002,35.244999,36.75,35.012074,5830800
2013-12-23,36.755001,36.959998999999996,35.75,36.165001000000004,34.454741999999996,1926400
2013-12-24,36.145,36.665001000000004,36.115002000000004,36.57,34.840579999999996,506000
2013-12-26,36.665001000000004,36.75,36.365002000000004,36.41,34.688156,1002600
2013-12-27,36.549999,36.610001000000004,35.625,36.005001,34.302307,972600
2013-12-30,36.005001,36.220001,35.799999,36.02,34.316604999999996,686600
2013-12-31,36.224998,36.775002,36.139998999999996,36.685001,34.950157,1161000
2014-01-02,36.665001000000004,36.965,36.275002,36.59,34.85965,900200
2014-01-03,37.145,37.455002,36.924999,37.259997999999996,35.497959,1615200
2014-01-06,37.630001,37.799999,36.924999,37.014998999999996,35.264542,1437200
2014-01-07,37.200001,37.41,36.724998,36.994999,35.245490999999994,1223600
2014-01-08,36.93,37.935001,36.889998999999996,37.900002,36.107689,1672600
2014-01-09,38.255001,40.099998,38.255001,38.695,36.865097,2613600
2014-01-10,38.57,39.744999,38.5,39.540001000000004,37.670134999999995,1499400
2014-01-13,39.73,39.845001,38.369999,38.724998,36.893673,1523600
2014-01-14,38.889998999999996,39.740002000000004,38.740002000000004,39.689999,37.813038,1403200
2014-01-15,39.685001,39.825001,39.009997999999996,39.365002000000004,37.503414,1523600
2014-01-16,39.279999,39.825001,39.134997999999996,39.584998999999996,37.713004999999995,802200
2014-01-17,39.645,39.825001,39.174999,39.255001,37.398617,1021400
2014-01-21,39.884997999999996,40.59,39.645,40.029999,38.136963,2652000
2014-01-22,40.064999,40.970001,40.025002,40.935001,38.999171999999994,2288800
2014-01-23,41.0,41.0,39.529999,40.674999,38.751453000000005,2202600
2014-01-24,40.5,41.040001000000004,39.634997999999996,39.825001,37.941658000000004,2201600
2014-01-27,39.814999,40.02,38.220001,39.400002,37.536758,1733200
2014-01-28,39.299999,40.41,39.299999,39.764998999999996,37.884499,1393400
2014-01-29,39.290001000000004,39.814999,38.209998999999996,38.369999,36.555462,1200400
2014-01-30,38.855,39.285,38.435001,38.939999,37.098503,756600
2014-01-31,39.27,40.0,39.049999,39.535,37.665371,1762600
2014-02-03,39.299999,39.485001000000004,37.330002,37.345001,35.578941,2608400
2014-02-04,37.174999,37.955002,36.310001,37.810001,36.021946,2251600
2014-02-05,37.57,37.91,37.23,37.549999,35.774239,1373400
2014-02-06,37.584998999999996,38.77,37.584998999999996,38.169998,36.364917999999996,1637800
2014-02-07,38.285,38.955002,38.27,38.91,37.069927,1632800
2014-02-10,38.955002,39.0,37.825001,38.355,36.541168,1459000
2014-02-11,38.575001,38.935001,37.705002,38.755001,36.922259999999994,1683200
2014-02-12,38.755001,39.185001,38.380001,39.119999,37.269993,1463800
2014-02-13,38.470001,40.25,38.470001,39.73,37.851147,2090000
2014-02-14,39.799999,41.0,39.605,40.744999,38.81815,1911600
2014-02-18,40.560001,40.945,39.435001,39.490002000000004,37.622498,1722600
2014-02-19,39.294998,39.669998,39.119999,39.169998,37.317631,1010800
2014-02-20,39.255001,40.119999,39.189999,40.084998999999996,38.189362,1185600
2014-02-21,40.075001,41.025002,40.07,40.77,38.963474,1608200
2014-02-24,40.84,42.055,40.84,41.75,39.900051,1422200
2014-02-25,42.939999,43.264998999999996,42.150002,42.544998,40.659821,1790800
2014-02-26,42.785,43.264998999999996,42.040001000000004,42.939999,41.037319000000004,1370600
2014-02-27,42.895,43.634997999999996,42.779999,43.150002,41.238014,1117600
2014-02-28,42.990002000000004,43.720001,42.919998,43.32,41.400482000000004,1276800
2014-03-03,42.689999,43.34,42.150002,43.055,41.147221,1076800
2014-03-04,43.549999,44.805,43.529999,44.555,42.580757,1634000
2014-03-05,44.555,44.990002000000004,44.52,44.735001000000004,42.752784999999996,1107000
2014-03-06,44.855,45.865002000000004,44.845001,45.470001,43.455219,1396600
2014-03-07,45.605,45.735001000000004,44.259997999999996,44.700001,42.719337,1614400
2014-03-10,44.52,45.419998,44.27,44.459998999999996,42.489964,828400
2014-03-11,44.68,45.084998999999996,44.099998,44.404999,42.437401,1066200
2014-03-12,44.279999,44.654999,43.939999,44.415001000000004,42.446957,883600
2014-03-13,44.445,44.615002000000004,43.195,43.705002,41.768429,1496600
2014-03-14,44.029999,45.985001000000004,43.880001,45.744999,43.718025,1939000
2014-03-17,46.134997999999996,46.544998,45.285,45.950001,43.913944,1590400
2014-03-18,45.93,46.889998999999996,45.93,46.279999,44.229324,1399600
2014-03-19,46.209998999999996,46.974998,46.035,46.189999,44.143311,1421400
2014-03-20,46.099998,46.32,45.514998999999996,46.209998999999996,44.162426,1118800
2014-03-21,46.599998,46.825001,45.360001000000004,45.380001,43.369198,1910800
2014-03-24,45.66,46.139998999999996,44.799999,45.66,43.636790999999995,1387000
2014-03-25,45.959998999999996,46.91,45.884997999999996,46.415001000000004,44.358337,1598800
2014-03-26,46.814999,46.955002,45.830002,46.009997999999996,43.971287,1636000
2014-03-27,45.759997999999996,46.154999,45.035,45.790001000000004,43.761032,1148600
2014-03-28,45.75,46.715,45.255001,45.365002000000004,43.35487,1417600
2014-03-31,45.575001,46.805,45.41,46.654999,44.587708,1275600
2014-04-01,46.365002000000004,47.060001,45.759997999999996,47.049999,44.965206,1990400
2014-04-02,47.0,47.990002000000004,46.810001,47.439999,45.337917,1842600
2014-04-03,47.294998,47.75,46.779999,47.404999,45.304466,1621200
2014-04-04,47.525002,47.73,45.845001,46.165001000000004,44.119419,1818800
2014-04-07,45.974998,46.650002,44.474998,44.91,42.920025,2768800
2014-04-08,45.189999,45.57,43.91,45.404999,43.393089,2598600
2014-04-09,45.84,47.889998999999996,45.5,47.52,45.414383,2521800
2014-04-10,47.43,47.540001000000004,45.715,45.834998999999996,43.804035,2620600
2014-04-11,45.5,46.514998999999996,44.709998999999996,45.259997999999996,43.254513,1597200
2014-04-14,45.779999,46.02,44.110001000000004,44.674999,42.695434999999996,1311200
2014-04-15,44.880001,45.490002000000004,43.919998,44.924999,42.934357,1244200
2014-04-16,44.990002000000004,46.25,44.990002000000004,46.16,44.114635,1396000
2014-04-17,46.16,46.705002,45.485001000000004,46.470001,44.410903999999995,1184400
2014-04-21,46.470001,46.470001,45.689999,46.310001,44.257992,1117200
2014-04-22,46.540001000000004,47.34,46.470001,46.895,44.817066,1127600
2014-04-23,47.465,48.384997999999996,47.375,47.98,45.854,2069800
2014-04-24,48.044998,48.110001000000004,46.935001,47.375,45.275806,2436000
2014-04-25,47.525002,47.825001,46.435001,46.715,44.645042,1657600
2014-04-28,47.200001,47.299999,45.860001000000004,46.685001,44.616375,1535800
2014-04-29,46.889998999999996,47.095001,46.259997999999996,46.970001,44.888748,1406800
2014-04-30,47.174999,47.415001000000004,46.59,47.040001000000004,44.955643,1317200
2014-05-01,47.220001,48.264998999999996,47.095001,47.990002000000004,45.863552,1639800
2014-05-02,48.005001,48.174999,47.549999,47.799999,45.681976,1041000
2014-05-05,47.720001,48.025002,47.099998,47.584998999999996,45.476498,1101200
2014-05-06,47.740002000000004,47.895,46.895,47.345001,45.247128000000004,1462600
2014-05-07,47.485001000000004,47.584998999999996,46.615002000000004,47.035,44.950866999999995,1353600
2014-05-08,46.994999,47.990002000000004,46.764998999999996,47.349998,45.251903999999996,1545600
2014-05-09,47.255001,47.455002,46.740002000000004,47.330002,45.232796,940000
2014-05-12,48.044998,49.029999,48.044998,48.945,46.776237,1560600
2014-05-13,48.830002,49.240002000000004,48.700001,48.91,46.742785999999995,1356000
2014-05-14,48.950001,49.049999,48.165001000000004,48.509997999999996,46.360508,998600
2014-05-15,48.264998999999996,48.264998999999996,47.005001,47.825001,45.705868,1368400
2014-05-16,47.700001,48.0,47.305,47.805,45.686745,867400
2014-05-19,47.744999,48.875,47.514998999999996,48.505001,46.355732,928000
2014-05-20,48.59,48.779999,47.419998,47.904999,45.782309999999995,1358400
2014-05-21,47.805,48.415001000000004,47.669998,47.939999,45.935627000000004,860000
2014-05-22,48.075001,48.744999,48.075001,48.424999,46.400349,741600
2014-05-23,48.450001,49.345001,48.380001,49.025002,46.975258000000004,893200
2014-05-27,49.830002,49.895,49.07,49.110001000000004,47.056717,1438400
2014-05-28,49.119999,49.875,48.66,49.705002,47.626823,1471800
2014-05-29,49.744999,50.044998,49.130001,49.705002,47.626823,890800
2014-05-30,49.130001,49.639998999999996,48.955002,49.23,47.171692,1540200
2014-06-02,49.360001000000004,50.43,49.044998,50.035,47.943034999999995,1227600
2014-06-03,50.049999,50.490002000000004,49.75,49.945,47.856792,1636600
2014-06-04,49.869999,49.985001000000004,49.459998999999996,49.615002000000004,47.540592,1901000
2014-06-05,49.945,50.355,49.279999,49.450001,47.382488,1707600
2014-06-06,49.674999,49.959998999999996,49.375,49.955002,47.866386,1617200
2014-06-09,50.0,50.035,49.32,49.505001,47.435196000000005,1534800
2014-06-10,49.48,49.669998,48.869999,49.369999,47.305842999999996,1119400
2014-06-11,48.849998,48.919998,48.25,48.419998,46.395565000000005,1688000
2014-06-12,47.845001,47.895,46.125,46.485001000000004,44.541462,3068000
2014-06-13,46.525002,47.825001,46.525002,47.57,45.581093,1778400
2014-06-16,47.145,47.474998,46.43,46.705002,44.75227,1756000
2014-06-17,46.799999,47.709998999999996,46.77,47.470001,45.485275,1246800
2014-06-18,47.615002000000004,47.700001,47.09,47.580002,45.590675,1153200
2014-06-19,47.685001,47.959998999999996,46.919998,47.439999,45.456532,1220400
2014-06-20,47.700001,47.849998,47.355,47.509997999999996,45.523598,1365200
2014-06-23,47.445,47.724998,46.32,46.91,44.948689,1390200
2014-06-24,46.73,47.564999,46.645,46.794998,44.838493,1631800
2014-06-25,46.764998999999996,47.674999,46.450001,47.650002,45.657749,1306200
2014-06-26,47.639998999999996,47.639998999999996,47.130001,47.27,45.29364,1239800
2014-06-27,47.209998999999996,47.709998999999996,46.900002,47.689999,45.696083,2326400
2014-06-30,47.695,48.075001,47.310001,47.525002,45.537983000000004,1709000
2014-07-01,47.625,48.904999,47.625,48.790001000000004,46.750088,1718400
2014-07-02,48.215,48.215,47.25,47.904999,45.902091999999996,1709200
2014-07-03,48.005001,48.720001,47.955002,48.400002,46.376389,675200
2014-07-07,48.43,48.705002,47.209998999999996,47.325001,45.346344,1416600
2014-07-08,46.615002000000004,48.560001,46.055,48.395,46.371609,2644400
2014-07-09,48.994999,49.450001,48.02,48.43,46.405144,2292000
2014-07-10,48.150002,49.09,46.889998999999996,49.009997999999996,46.960888,1597000
2014-07-11,49.130001,49.779999,49.009997999999996,49.34,47.277091999999996,1260500
2014-07-14,49.799999,49.990002000000004,49.34,49.75,47.669952,841800
2014-07-15,49.75,49.919998,48.990002000000004,49.779999,47.698692,1118100
2014-07-16,50.029999,50.139998999999996,49.310001,49.439999,47.372917,1041400
2014-07-17,49.27,49.720001,48.099998,48.16,46.146439,1221800
2014-07-18,48.150002,49.099998,48.150002,48.73,46.692596,901500
2014-07-21,48.610001000000004,48.610001000000004,48.139998999999996,48.349998,46.328487,964100
2014-07-22,48.779999,48.93,48.349998,48.869999,46.826744,977500
2014-07-23,49.189999,49.91,48.959998999999996,49.689999,47.612460999999996,1643400
2014-07-24,49.700001,49.91,44.529999,45.029999,43.147285,4454300
2014-07-25,45.810001,46.880001,45.169998,45.77,43.856361,3343700
2014-07-28,46.32,46.32,45.380001,45.68,43.770119,1889400
2014-07-29,45.98,46.790001000000004,45.68,46.18,44.249214,2819200
2014-07-30,46.040001000000004,46.630001,44.439999,44.900002,43.022736,2556400
2014-07-31,44.5,44.77,43.880001,43.970001,42.131611,1870400
2014-08-01,43.66,44.549999,43.400002,44.450001,42.591557,1667500
2014-08-04,44.459998999999996,44.82,43.349998,43.5,41.681267,1402000
2014-08-05,43.48,43.970001,42.599998,42.720001,40.933876,2185300
2014-08-06,42.700001,43.259997999999996,42.119999,42.939999,41.144676000000004,1372200
2014-08-07,42.959998999999996,43.34,42.34,42.759997999999996,40.972202,1482100
2014-08-08,42.709998999999996,43.27,41.84,43.209998999999996,41.403389000000004,1315200
2014-08-11,43.560001,44.200001,43.279999,43.880001,42.045364,1023900
2014-08-12,43.880001,44.189999,43.439999,43.669998,41.844151000000004,955800
2014-08-13,43.799999,44.91,43.59,44.669998,42.802338,1025700
2014-08-14,44.84,45.27,44.389998999999996,45.200001,43.310188000000004,1338000
2014-08-15,45.439999,45.669998,44.970001,45.459998999999996,43.680111,1184100
2014-08-18,45.84,47.080002,45.77,47.009997999999996,45.169434,1480200
2014-08-19,47.18,47.189999,46.360001000000004,46.799999,44.967644,931200
2014-08-20,46.82,47.360001000000004,46.740002000000004,47.139998999999996,45.294334,1042200
2014-08-21,47.23,47.290001000000004,46.0,46.029999,44.227787,1214800
2014-08-22,46.150002,46.740002000000004,45.869999,46.490002000000004,44.669785,1015600
2014-08-25,46.990002000000004,47.09,46.200001,46.889998999999996,45.054123,756600
2014-08-26,46.959998999999996,47.119999,46.23,46.279999,44.46801,774400
2014-08-27,46.41,46.66,46.02,46.5,44.679390000000005,575600
2014-08-28,46.209998999999996,46.939999,46.029999,46.529999,44.708228999999996,695900
2014-08-29,46.720001,46.790001000000004,46.119999,46.34,44.525658,577800
2014-09-02,46.34,48.25,46.32,48.240002000000004,46.351265000000005,1610300
2014-09-03,48.049999,48.049999,47.110001000000004,47.540001000000004,45.678672999999996,1023100
2014-09-04,47.68,48.209998999999996,47.490002000000004,47.630001,45.765147999999996,1016000
2014-09-05,47.02,47.220001,46.330002,47.139998999999996,45.294334,905700
2014-09-08,47.27,47.549999,47.060001,47.330002,45.476906,888400
2014-09-09,47.080002,47.59,46.540001000000004,46.599998,44.775475,825100
2014-09-10,46.810001,47.700001,46.41,47.490002000000004,45.630638,811600
2014-09-11,47.549999,47.849998,46.970001,47.360001000000004,45.505718,769400
2014-09-12,47.43,47.639998999999996,47.009997999999996,47.27,45.419247,987200
2014-09-15,47.279999,47.310001,46.209998999999996,46.259997999999996,44.44878,894600
2014-09-16,46.220001,47.080002,45.700001,46.75,44.919601,1335500
2014-09-17,46.799999,47.150002,45.869999,46.16,44.352707,833900
2014-09-18,46.360001000000004,46.880001,46.16,46.84,45.006084,642400
2014-09-19,46.860001000000004,46.990002000000004,46.18,46.220001,44.410354999999996,1466400
2014-09-22,46.25,46.310001,45.18,45.209998999999996,43.439899,1031600
2014-09-23,44.84,45.16,44.080002,44.099998,42.37336,1188100
2014-09-24,44.139998999999996,45.049999,43.919998,44.84,43.084385,872800
2014-09-25,44.57,44.73,43.709998999999996,43.720001,42.008236,947400
2014-09-26,43.82,44.540001000000004,43.599998,44.419998,42.680828000000005,970400
2014-09-29,43.790001000000004,44.32,43.549999,43.849998,42.133148,1067000
2014-09-30,43.830002,44.080002,43.189999,43.540001000000004,41.835285,1353200
2014-10-01,43.139998999999996,43.169998,42.209998999999996,42.740002000000004,41.066604999999996,1695600
2014-10-02,42.880001,43.540001000000004,42.080002,42.919998,41.239554999999996,997100
2014-10-03,43.509997999999996,44.34,43.32,44.150002,42.421402,975700
2014-10-06,44.48,44.599998,43.470001,43.490002000000004,41.787251,671900
2014-10-07,43.150002,43.650002,42.639998999999996,42.799999,41.124256,1554400
2014-10-08,42.799999,43.049999,41.009997999999996,42.860001000000004,41.181911,2582800
2014-10-09,43.25,43.950001,42.529999,42.68,41.008961,2433900
2014-10-10,42.57,43.41,42.25,42.459998999999996,40.797565000000006,1956400
2014-10-13,42.360001000000004,43.139998999999996,41.52,41.580002,39.952026000000004,2459600
2014-10-14,42.02,43.23,41.830002,42.689999,41.018559,2024300
2014-10-15,41.779999,43.130001,40.689999,41.990002000000004,40.34597,3095900
2014-10-16,41.490002000000004,43.990002000000004,41.029999,43.799999,42.085102,2136100
2014-10-17,44.509997999999996,45.040001000000004,44.279999,44.700001,42.949867,1553300
2014-10-20,44.700001,46.23,44.529999,46.220001,44.410354999999996,1941300
2014-10-21,46.889998999999996,48.130001,46.889998999999996,47.380001,45.524944,1845900
2014-10-22,47.639998999999996,47.84,46.689999,46.77,44.938828,1727700
2014-10-23,48.27,50.41,48.119999,49.950001,47.99432,3616400
2014-10-24,49.209998999999996,50.259997999999996,48.950001,50.200001,48.234524,1909800
2014-10-27,50.310001,51.919998,50.099998,51.82,49.7911,2342300
2014-10-28,52.060001,53.080002,51.599998,52.790001000000004,50.723122,2152800
2014-10-29,52.73,53.040001000000004,51.720001,52.91,50.838421000000004,1559300
2014-10-30,51.959998999999996,52.619999,51.59,52.139998999999996,50.098572,1598700
2014-10-31,53.200001,53.799999,52.82,53.23,51.145897,1501000
2014-11-03,53.220001,54.48,53.110001000000004,54.43,52.298916,1825400
2014-11-04,54.740002000000004,55.919998,54.68,55.389998999999996,53.221325,1492100
2014-11-05,55.970001,55.990002000000004,53.860001000000004,53.970001,51.856922,1883000
2014-11-06,54.650002,55.75,54.439999,55.400002,53.230942000000006,1219000
2014-11-07,55.400002,55.959998999999996,54.900002,55.139998999999996,52.981102,1175300
2014-11-10,55.049999,56.400002,54.709998999999996,56.32,54.114914,1028400
2014-11-11,56.5,56.82,55.799999,56.139998999999996,53.941963,770900
2014-11-12,55.869999,56.240002000000004,55.240002000000004,56.169998,53.970783,879600
2014-11-13,56.34,56.939999,55.880001,56.240002000000004,54.038047999999996,1062800
2014-11-14,56.009997999999996,56.25,55.299999,55.34,53.291732999999994,1244000
2014-11-17,55.220001,55.73,54.669998,54.860001000000004,52.829494,1529400
2014-11-18,54.91,56.16,54.889998999999996,55.860001000000004,53.792483999999995,1186700
2014-11-19,55.5,55.75,54.580002,54.799999,52.771717,1669900
2014-11-20,54.349998,54.91,53.689999,54.240002000000004,52.232440999999994,1321900
2014-11-21,54.610001000000004,54.709998999999996,53.310001,54.5,52.482815,1253300
2014-11-24,54.93,55.580002,54.799999,55.330002,53.282097,1015100
2014-11-25,55.099998,56.139998999999996,55.02,55.91,53.840626,1055600
2014-11-26,56.0,56.439999,55.849998,56.200001,54.119896,740000
2014-11-28,58.110001000000004,59.970001,58.02,59.029999,56.84515,1212300
2014-12-01,58.529999,58.540001000000004,55.330002,55.41,53.359131000000005,2674600
2014-12-02,55.18,56.209998999999996,54.669998,55.25,53.205055,2064200
2014-12-03,55.380001,56.830002,55.279999,56.759997999999996,54.659164000000004,1564200
2014-12-04,58.029999,58.759997999999996,56.48,56.740002000000004,54.639908,2184800
2014-12-05,57.209998999999996,57.939999,57.099998,57.259997999999996,55.140659,1235000
2014-12-08,57.389998999999996,58.25,57.18,57.439999,55.313999,1173800
2014-12-09,56.119999,56.5,55.060001,56.400002,54.3125,1525700
2014-12-10,56.970001,57.450001,55.150002,55.189999,53.147278,1486300
2014-12-11,55.799999,56.139998999999996,55.32,55.970001,53.898410999999996,1683800
2014-12-12,56.630001,56.98,55.5,55.810001,53.744331,1610200
2014-12-15,56.27,58.0,55.810001,57.650002,55.516228000000005,1965900
2014-12-16,57.720001,57.939999,55.66,55.68,53.61914399999999,2090700
2014-12-17,55.73,56.549999,54.540001000000004,56.029999,53.956188,1635700
2014-12-18,56.25,56.619999,55.419998,56.34,54.254715000000004,1125300
2014-12-19,56.189999,56.630001,55.529999,56.16,54.081382999999995,1831800
2014-12-22,56.560001,57.75,56.560001,56.73,54.630280000000006,767200
2014-12-23,57.23,57.349998,56.419998,56.75,54.649536,764600
2014-12-24,57.240002000000004,58.84,57.240002000000004,58.720001,56.546623,629800
2014-12-26,58.75,59.48,58.560001,59.02,56.835522,706300
2014-12-29,58.830002,59.950001,58.560001,59.73,57.519241,839600
2014-12-30,59.740002000000004,60.509997999999996,59.470001,59.77,57.557766,833700
2014-12-31,60.259997999999996,60.939999,59.759997999999996,59.759997999999996,57.548138,902400
2015-01-02,60.540001000000004,60.860001000000004,59.470001,60.330002,58.097033999999994,1199600
2015-01-05,60.810001,60.869999,59.189999,59.470001,57.268864,1288800
2015-01-06,59.779999,60.290001000000004,57.709998999999996,58.77,56.594772,1511700
2015-01-07,59.060001,60.0,58.810001,59.669998,57.461464,1039600
2015-01-08,60.0,61.459998999999996,59.689999,60.700001,58.453342000000006,1697500
2015-01-09,60.650002,60.790001000000004,59.709998999999996,59.73,57.519241,986900
2015-01-12,60.669998,61.130001,59.73,60.610001000000004,58.366676,1100000
2015-01-13,61.529999,62.990002000000004,60.580002,61.41,59.137062,1687200
2015-01-14,60.630001,62.0,60.189999,61.540001000000004,59.26224499999999,1557200
2015-01-15,61.689999,62.099998,60.599998,61.470001,59.194839,1619300
2015-01-16,61.09,62.419998,60.560001,62.349998,60.042271,1618600
2015-01-20,63.400002,64.809998,63.110001000000004,64.599998,62.20898100000001,1521200
2015-01-21,64.400002,65.199997,63.77,64.980003,62.574923999999996,2314800
2015-01-22,66.900002,68.0,64.550003,67.940002,65.425377,2833200
2015-01-23,68.099998,69.900002,67.699997,68.650002,66.109077,1883200
2015-01-26,68.769997,70.510002,68.650002,70.440002,67.832848,2393900
2015-01-27,69.370003,70.779999,68.940002,69.699997,67.120224,1536800
2015-01-28,70.5,70.550003,68.41999799999999,68.699997,66.15724200000001,1220500
2015-01-29,68.800003,71.400002,68.41999799999999,71.07,68.439514,1966000
2015-01-30,70.370003,70.870003,67.260002,67.870003,65.357964,2236800
2015-02-02,67.699997,68.0,65.43,67.32,64.828316,2284100
2015-02-03,66.0,66.389999,64.089996,65.18,62.767525,2928500
2015-02-04,65.959999,67.199997,65.839996,66.699997,64.231247,1823000
2015-02-05,66.800003,66.940002,65.019997,66.82,64.34683199999999,1354300
2015-02-06,66.57,66.940002,65.66999799999999,65.91999799999999,63.480137,1569300
2015-02-09,65.150002,65.150002,62.529999,63.509997999999996,61.15933199999999,2120500
2015-02-10,64.190002,65.489998,63.68,65.370003,62.9505,1965200
2015-02-11,65.900002,66.43,64.389999,64.510002,62.122326,1560900
2015-02-12,63.57,63.59,61.720001,62.75,60.42746700000001,2822200
2015-02-13,62.16,62.599998,61.349998,62.560001,60.244499,1697700
2015-02-17,62.610001000000004,63.349998,62.110001000000004,62.23,59.926712,1200800
2015-02-18,63.119999,63.880001,62.060001,63.830002,61.467491,1557300
2015-02-19,65.18,65.18,62.77,62.939999,60.610434999999995,2091000
2015-02-20,62.759997999999996,64.150002,62.400002,64.139999,61.96291,1049600
2015-02-23,65.010002,65.040001,63.529999,64.139999,61.96291,1247900
2015-02-24,63.540001000000004,64.519997,62.400002,64.43,62.243072999999995,1301500
2015-02-25,64.239998,64.68,63.34,63.439999,61.286663,1216400
2015-02-26,64.120003,64.199997,63.009997999999996,63.98,61.80834599999999,1225400
2015-02-27,64.480003,64.599998,63.59,63.650002,61.489552,1944400
2015-03-02,64.400002,65.529999,64.32,65.440002,63.21879200000001,1850400
2015-03-03,65.0,66.199997,64.809998,66.160004,63.914356000000005,1629000
2015-03-04,65.68,66.010002,64.849998,65.769997,63.537579,1313800
2015-03-05,65.75,65.970001,64.510002,64.639999,62.445942,1118400
2015-03-06,64.33000200000001,64.639999,63.57,63.73,61.566832999999995,948700
2015-03-09,63.720001,64.489998,63.57,63.98,61.80834599999999,1004200
2015-03-10,63.98,64.559998,63.400002,64.16999799999999,61.991890000000005,1226000
2015-03-11,64.010002,65.32,63.599998,65.08000200000001,62.87100600000001,1109300
2015-03-12,65.059998,67.279999,65.019997,67.110001,64.83210799999999,1339600
2015-03-13,67.25,67.860001,66.239998,66.660004,64.397377,932400
2015-03-16,67.510002,67.989998,67.160004,67.57,65.276489,1027700
2015-03-17,67.510002,69.0,67.510002,68.800003,66.464745,1473800
2015-03-18,68.91999799999999,69.41999799999999,67.480003,67.970001,65.66291,1267600
2015-03-19,68.459999,68.93,67.68,68.349998,66.030022,835200
2015-03-20,68.629997,68.75,67.629997,68.68,66.348816,1790800
2015-03-23,68.68,69.0,67.489998,67.489998,65.199211,1170300
2015-03-24,67.199997,67.220001,66.279999,66.980003,64.706528,1127400
2015-03-25,66.889999,66.989998,64.360001,64.599998,62.407291,1346400
2015-03-26,63.919998,64.82,62.77,64.610001,62.416968999999995,1622200
2015-03-27,64.93,65.949997,64.82,65.589996,63.363693000000005,848500
2015-03-30,66.209999,66.639999,65.650002,66.199997,63.952991000000004,761200
2015-03-31,66.129997,66.480003,65.279999,66.18,63.933685,929000
2015-04-01,65.33000200000001,65.589996,63.529999,64.0,61.827663,1068600
2015-04-02,64.019997,64.809998,62.990002000000004,63.07,60.929230000000004,1220000
2015-04-06,61.950001,63.0,61.540001000000004,62.400002,60.28197900000001,1728400
2015-04-07,62.130001,63.330002,62.130001,62.759997999999996,60.629753,990900
2015-04-08,63.009997999999996,64.980003,62.919998,64.809998,62.610168,1219000
2015-04-09,64.959999,65.58000200000001,63.669998,64.150002,61.972576000000004,1244500
2015-04-10,64.18,64.769997,63.869999,63.939999,61.769698999999996,804400
2015-04-13,63.759997999999996,65.019997,63.150002,63.330002,61.18040500000001,1233200
2015-04-14,63.200001,63.529999,62.189999,62.529999,60.407557999999995,1175400
2015-04-15,63.200001,63.700001,62.009997999999996,62.02,59.914871,1332100
2015-04-16,62.02,63.560001,61.639998999999996,63.5,61.344643000000005,1599100
2015-04-17,62.900002,63.709998999999996,62.849998,62.970001,60.832626,1419700
2015-04-20,63.369999,63.59,62.509997999999996,63.400002,61.248034999999994,1115900
2015-04-21,63.75,65.0,63.599998,64.93,62.726108999999994,990800
2015-04-22,64.940002,65.0,63.66,64.309998,62.127140000000004,1280600
2015-04-23,63.650002,66.860001,63.299999,66.339996,64.088257,1998800
2015-04-24,66.940002,68.660004,66.940002,68.300003,65.981728,1530700
2015-04-27,68.220001,68.68,67.150002,67.400002,65.112259,1179800
2015-04-28,67.0,67.190002,65.58000200000001,66.470001,64.213821,816500
2015-04-29,66.150002,66.519997,63.970001,65.339996,63.122177,1193000
2015-04-30,64.910004,65.650002,63.84,64.059998,61.885628000000004,1147700
2015-05-01,64.480003,65.860001,64.190002,65.300003,63.083546,795800
2015-05-04,65.550003,66.120003,64.41999799999999,64.529999,62.339672,1118000
2015-05-05,63.400002,63.82,62.900002,62.970001,60.832626,999700
2015-05-06,62.5,63.740002000000004,62.150002,63.240002000000004,61.093464000000004,1155200
2015-05-07,63.27,65.550003,63.27,64.959999,62.755085,1049700
2015-05-08,65.860001,66.790001,65.730003,66.269997,64.020607,1088100
2015-05-11,65.959999,66.83000200000001,65.68,66.33000200000001,64.078583,969600
2015-05-12,65.889999,66.010002,65.139999,65.18,62.967608999999996,767400
2015-05-13,65.720001,66.209999,64.57,64.709999,62.513565,684400
2015-05-14,65.239998,66.16999799999999,64.779999,66.129997,63.885365,974800
2015-05-15,66.360001,66.959999,66.089996,66.5,64.242798,937900
2015-05-18,66.389999,68.0,66.110001,67.58000200000001,65.286156,1247100
2015-05-19,67.870003,68.269997,66.650002,66.989998,64.908264,1386800
2015-05-20,66.739998,66.970001,63.41,63.959998999999996,61.972424,2179700
2015-05-21,64.089996,64.83000200000001,63.5,64.690002,62.679741,1277800
2015-05-22,64.889999,65.239998,64.0,64.400002,62.39875,850700
2015-05-26,64.440002,64.83000200000001,62.189999,62.369999,60.431831,1295500
2015-05-27,62.720001,63.48,62.57,63.400002,61.429832,1224500
2015-05-28,63.490002000000004,64.050003,63.119999,63.740002000000004,61.759269999999994,1044000
2015-05-29,63.700001,64.849998,63.380001,64.639999,62.63129,1394200
2015-06-01,65.010002,66.300003,64.5,66.089996,64.03624,1808500
2015-06-02,65.099998,66.309998,64.790001,65.720001,63.677742,941200
2015-06-03,65.949997,66.339996,65.360001,65.860001,63.813377,794700
2015-06-04,65.809998,66.660004,65.029999,65.510002,63.47427,966300
2015-06-05,65.480003,65.970001,64.860001,65.660004,63.619609999999994,946100
2015-06-08,65.019997,65.690002,62.310001,62.529999,60.586864,1515900
2015-06-09,61.880001,61.880001,58.150002,60.650002,58.765285,3734600
2015-06-10,60.150002,61.689999,59.860001000000004,60.759997999999996,58.871868000000006,1568900
2015-06-11,60.889998999999996,62.119999,60.759997999999996,61.82,59.898926,1426700
2015-06-12,61.709998999999996,63.77,61.610001000000004,63.5,61.526722,1568300
2015-06-15,62.860001000000004,63.240002000000004,62.080002,62.66,60.712821999999996,1128900
2015-06-16,62.68,63.34,61.889998999999996,62.279999,60.344627,780400
2015-06-17,62.150002,62.669998,61.650002,62.029999,60.102402000000005,1232900
2015-06-18,62.610001000000004,64.370003,62.610001000000004,63.990002000000004,62.001495,1461200
2015-06-19,64.309998,65.41999799999999,63.91,64.650002,62.640987,4167400
2015-06-22,65.620003,66.260002,65.120003,66.220001,64.16220899999999,1732000
2015-06-23,67.07,67.480003,66.43,66.519997,64.452866,1560400
2015-06-24,66.58000200000001,67.239998,66.019997,66.199997,64.142822,1153500
2015-06-25,66.66999799999999,67.150002,65.41999799999999,65.43,63.39674,1273500
2015-06-26,65.800003,65.900002,64.5,64.75,62.73788100000001,1872000
2015-06-29,64.290001,65.599998,63.799999,63.860001000000004,61.875538,1066600
2015-06-30,64.550003,65.480003,64.199997,64.43,62.427818,1332400
2015-07-01,65.550003,65.639999,62.59,64.300003,62.301865,1956600
2015-07-02,64.660004,65.309998,63.82,65.010002,62.989803,1109000
2015-07-06,64.610001,66.389999,64.540001,66.160004,64.104065,1331400
2015-07-07,66.25,67.629997,65.699997,67.440002,65.344284,1464900
2015-07-08,67.040001,67.089996,65.5,66.120003,64.065315,1324600
2015-07-09,67.07,67.220001,66.440002,66.540001,64.47225999999999,922700
2015-07-10,68.010002,70.690002,67.800003,70.550003,68.35764300000001,2292100
2015-07-13,71.510002,72.650002,71.510002,72.25,70.00482199999999,1438200
2015-07-14,71.959999,73.699997,71.459999,73.620003,71.332237,1782500
2015-07-15,73.489998,74.540001,72.129997,73.720001,71.429138,1741500
2015-07-16,73.989998,75.470001,73.879997,74.690002,72.368996,1555800
2015-07-17,74.989998,75.349998,74.32,74.769997,72.446503,1111500
2015-07-20,75.040001,75.25,73.699997,74.139999,71.83608199999999,1355700
2015-07-21,74.220001,75.029999,73.970001,74.949997,72.620918,1155700
2015-07-22,74.459999,75.879997,74.459999,75.83000200000001,73.473564,1630700
2015-07-23,76.879997,77.800003,72.610001,73.790001,71.496948,2246900
2015-07-24,74.489998,75.239998,73.449997,74.099998,71.797318,1551600
2015-07-27,73.389999,73.550003,72.550003,73.019997,70.750877,1226900
2015-07-28,73.389999,74.470001,72.779999,74.32,72.010498,1540200
2015-07-29,74.360001,75.0,73.360001,74.779999,72.456177,1310300
2015-07-30,74.400002,75.279999,73.889999,75.160004,72.824394,870000
2015-07-31,75.360001,75.870003,74.410004,75.75,73.39606500000001,1186000
2015-08-03,76.139999,78.32,76.010002,78.019997,75.595512,1290500
2015-08-04,78.120003,78.41999799999999,77.0,77.769997,75.353279,930000
2015-08-05,78.160004,79.610001,77.790001,79.029999,76.574127,1438800
2015-08-06,80.089996,80.529999,76.879997,77.75,75.333908,1061900
2015-08-07,77.599998,78.370003,77.019997,77.989998,75.566437,667900
2015-08-10,78.629997,79.620003,78.220001,78.629997,76.18654599999999,928300
2015-08-11,78.239998,80.279999,78.16999799999999,79.959999,77.475227,1223400
2015-08-12,79.269997,79.410004,76.440002,78.540001,76.099335,1165300
2015-08-13,78.480003,80.239998,78.029999,79.290001,76.82605,1076700
2015-08-14,78.58000200000001,79.82,78.58000200000001,79.599998,77.321426,527200
2015-08-17,79.610001,81.75,79.099998,81.510002,79.176765,1060400
2015-08-18,81.559998,82.150002,80.269997,81.510002,79.176765,1116600
2015-08-19,80.75,82.0,80.5,80.989998,78.671646,1376400
2015-08-20,80.040001,80.559998,78.699997,79.010002,76.748337,1292300
2015-08-21,77.650002,79.089996,76.129997,76.139999,73.960487,1751700
2015-08-24,70.029999,75.800003,58.919998,73.099998,71.007515,2515900
2015-08-25,75.870003,77.879997,74.309998,74.550003,72.41600799999999,1716900
2015-08-26,76.08000200000001,76.66999799999999,73.129997,76.32,74.135338,1473100
2015-08-27,77.16999799999999,77.690002,74.870003,76.239998,74.05761700000001,1395400
2015-08-28,76.199997,76.849998,75.279999,75.809998,73.639931,1262100
2015-08-31,75.889999,76.82,74.610001,74.860001,72.71713299999999,1337400
2015-09-01,73.650002,75.410004,73.650002,74.800003,72.65884399999999,1367000
2015-09-02,76.089996,78.839996,75.620003,78.83000200000001,76.573486,1430600
2015-09-03,79.0,80.0,77.809998,78.07,75.835228,1248200
2015-09-04,77.160004,79.849998,77.040001,78.58000200000001,76.330635,1058200
2015-09-08,79.949997,81.309998,79.66999799999999,81.239998,78.914497,1350900
2015-09-09,82.0,82.43,80.57,81.769997,79.429337,1424900
2015-09-10,82.089996,82.779999,80.989998,81.290001,78.963074,1147200
2015-09-11,80.849998,82.0,80.75,81.870003,79.526482,878900
2015-09-14,81.809998,82.43,80.550003,80.739998,78.428818,1400400
2015-09-15,81.050003,81.199997,79.269997,79.739998,77.45744300000001,1589700
2015-09-16,79.599998,80.639999,78.389999,79.129997,76.864891,1433400
2015-09-17,79.610001,80.599998,78.57,79.690002,77.40888199999999,1294200
2015-09-18,78.82,79.82,78.489998,78.739998,76.48606099999999,3665400
2015-09-21,79.209999,82.16999799999999,79.099998,82.089996,79.740166,1951200
2015-09-22,80.839996,81.760002,78.050003,78.650002,76.398651,1439300
2015-09-23,78.650002,80.279999,78.650002,80.07,77.777992,1104000
2015-09-24,79.480003,79.91999799999999,78.360001,78.980003,76.719193,1193300
2015-09-25,79.839996,81.279999,79.260002,80.699997,78.389961,1116700
2015-09-28,80.410004,80.58000200000001,77.449997,78.110001,75.874107,1580400
2015-09-29,78.08000200000001,78.970001,76.760002,78.379997,76.13636,1082000
2015-09-30,79.07,80.150002,78.32,79.449997,77.175735,1450500
2015-10-01,78.879997,80.489998,78.0,80.230003,77.933426,1230100
2015-10-02,79.019997,79.370003,77.209999,79.260002,76.991173,1207900
2015-10-05,79.730003,81.699997,79.029999,80.910004,78.593956,1408800
2015-10-06,80.550003,80.82,74.440002,74.529999,72.396591,2874800
2015-10-07,74.690002,77.309998,72.889999,75.970001,73.795349,2894600
2015-10-08,75.730003,77.209999,74.91999799999999,75.760002,73.591362,1413900
2015-10-09,75.160004,77.769997,75.160004,75.91999799999999,73.746788,2185000
2015-10-12,76.279999,78.550003,75.610001,77.989998,75.75753,1651900
2015-10-13,76.769997,77.379997,73.889999,73.91999799999999,71.80403100000001,2437100
2015-10-14,74.83000200000001,75.400002,73.110001,73.449997,71.34749599999999,1813200
2015-10-15,74.059998,76.269997,73.150002,75.980003,73.80506899999999,2057000
2015-10-16,75.900002,75.949997,74.529999,75.83000200000001,73.659355,1657700
2015-10-19,75.739998,77.41999799999999,75.440002,76.870003,74.669579,1401400
2015-10-20,76.849998,77.480003,75.82,76.489998,74.30046800000001,1251600
2015-10-21,76.43,77.18,74.68,74.730003,72.590858,1715400
2015-10-22,76.18,76.949997,74.75,75.970001,73.795349,1474000
2015-10-23,76.889999,79.309998,76.889999,79.089996,76.82605,1687400
2015-10-26,78.760002,79.889999,78.33000200000001,79.160004,76.89404300000001,1373100
2015-10-27,79.050003,79.550003,77.010002,77.949997,75.718674,1364400
2015-10-28,78.209999,78.470001,74.470001,75.190002,73.037697,2020300
2015-10-29,75.16999799999999,76.58000200000001,74.739998,75.769997,73.601074,916300
2015-10-30,75.779999,77.480003,75.5,76.25,74.06734499999999,947200
2015-11-02,76.540001,77.68,76.449997,77.129997,74.92215,858200
2015-11-03,77.800003,77.809998,75.940002,77.68,75.456406,1379000
2015-11-04,77.68,77.870003,76.709999,77.410004,75.194138,1002600
2015-11-05,77.870003,78.16999799999999,76.849998,78.059998,75.82553100000001,896200
2015-11-06,77.959999,79.0,77.370003,78.08000200000001,75.844963,699400
2015-11-09,78.07,78.120003,76.790001,77.309998,75.097,1262200
2015-11-10,76.980003,78.599998,76.900002,78.57,76.320915,964700
2015-11-11,78.889999,78.959999,77.470001,77.57,75.349548,690000
2015-11-12,77.529999,77.989998,76.620003,76.68,74.485023,955000
2015-11-13,76.519997,77.099998,75.809998,75.959999,73.978592,1054500
2015-11-16,75.379997,76.879997,74.82,76.849998,74.845375,1281700
2015-11-17,77.0,79.389999,76.57,77.540001,75.517387,1540400
2015-11-18,77.559998,78.32,76.599998,78.089996,76.053024,1070100
2015-11-19,78.519997,79.57,78.43,79.230003,77.163292,822900
2015-11-20,79.589996,81.940002,79.489998,81.860001,79.724686,1331500
2015-11-23,81.949997,82.209999,80.290001,80.410004,78.312523,1019500
2015-11-24,79.32,79.910004,77.5,79.599998,77.523643,1164600
2015-11-25,80.010002,80.309998,79.019997,79.610001,77.533386,669600
2015-11-27,79.809998,80.610001,79.019997,79.760002,77.679482,451500
2015-11-30,79.769997,80.370003,79.029999,79.730003,77.650261,1083200
2015-12-01,79.839996,81.220001,79.660004,81.16999799999999,79.052689,885400
2015-12-02,81.760002,83.220001,80.93,81.699997,79.56886300000001,1238600
2015-12-03,82.150002,82.639999,80.32,80.550003,78.448868,1366300
2015-12-04,81.629997,85.440002,81.5,84.910004,82.695137,1906900
2015-12-07,86.110001,87.16999799999999,85.440002,86.33000200000001,84.078102,1782000
2015-12-08,85.790001,86.449997,84.190002,85.620003,83.386612,1650300
2015-12-09,85.150002,86.57,82.940002,83.510002,81.33165,1578700
2015-12-10,84.449997,85.5,84.139999,84.360001,82.159477,1182400
2015-12-11,83.5,83.5,81.959999,82.769997,80.610947,1539900
2015-12-14,82.989998,83.480003,80.860001,82.150002,80.007141,1192600
2015-12-15,82.58000200000001,82.860001,81.559998,82.129997,79.987648,1196900
2015-12-16,82.589996,83.040001,81.0,82.75,80.591476,1095300
2015-12-17,82.790001,84.25,81.0,81.129997,79.013733,1050700
2015-12-18,80.970001,82.290001,79.900002,79.949997,77.86451,1417100
2015-12-21,80.790001,82.870003,80.790001,82.5,80.348,1129500
2015-12-22,81.779999,81.970001,79.620003,81.720001,79.588341,1399400
2015-12-23,81.599998,82.720001,80.349998,82.160004,80.016876,906800
2015-12-24,82.110001,83.41999799999999,82.010002,82.120003,79.977913,387200
2015-12-28,82.129997,82.870003,81.029999,82.41999799999999,80.270088,606400
2015-12-29,82.550003,83.269997,82.309998,82.769997,80.610947,614000
2015-12-30,82.769997,82.769997,81.300003,81.440002,79.315659,599700
2015-12-31,81.0,81.449997,79.800003,80.510002,78.409904,817500
2016-01-04,79.160004,79.290001,77.33000200000001,78.400002,76.35494200000001,1441300
2016-01-05,78.400002,79.16999799999999,76.559998,77.089996,75.07911700000001,1547000
2016-01-06,76.529999,78.25,76.300003,78.199997,76.160164,1387100
2016-01-07,76.57,77.190002,72.879997,73.989998,72.05998199999999,1797200
2016-01-08,74.889999,74.889999,70.25,70.379997,68.54414399999999,2723500
2016-01-11,70.660004,71.779999,69.110001,70.66999799999999,68.82659100000001,1939700
2016-01-12,71.160004,71.879997,69.449997,71.040001,69.18693499999999,1364100
2016-01-13,71.129997,71.43,67.25,67.660004,65.895103,1518700
2016-01-14,67.33000200000001,69.900002,66.089996,68.75,66.956673,1496500
2016-01-15,67.660004,69.849998,66.5,68.730003,66.937187,2050900
2016-01-19,69.41999799999999,69.739998,66.639999,67.050003,65.301018,2205100
2016-01-20,66.730003,68.83000200000001,64.18,67.160004,65.408142,2789800
2016-01-21,68.610001,72.790001,67.849998,72.610001,70.715988,3660600
2016-01-22,74.379997,74.379997,71.800003,72.860001,70.95945,2125700
2016-01-25,73.029999,73.790001,69.57,69.790001,67.969543,1701800
2016-01-26,70.150002,71.360001,68.870003,71.33000200000001,69.469368,1392900
2016-01-27,71.459999,72.650002,69.41999799999999,70.019997,68.19354200000001,1507000
2016-01-28,69.83000200000001,70.029999,67.230003,68.57,66.781349,1458400
2016-01-29,68.129997,70.400002,67.610001,70.400002,68.563622,1435700
2016-02-01,70.050003,70.940002,69.470001,70.290001,68.45649,1443800
2016-02-02,69.989998,70.290001,67.82,67.959999,66.187263,1049300
2016-02-03,68.300003,68.32,65.589996,67.269997,65.515266,1256900
2016-02-04,67.110001,69.16999799999999,67.099998,68.910004,67.112495,1158500
2016-02-05,68.480003,69.050003,64.120003,64.559998,62.875961,1705600
2016-02-08,63.360001000000004,64.349998,61.580002,63.060001,61.415089,1509600
2016-02-09,62.220001,66.150002,61.689999,65.629997,63.918048999999996,1741400
2016-02-10,66.839996,67.93,66.209999,66.839996,65.09648100000001,1387000
2016-02-11,65.860001,67.389999,65.43,66.940002,65.193878,1246300
2016-02-12,67.839996,68.75,66.160004,68.440002,66.65477,1193600
2016-02-16,68.900002,69.83000200000001,68.190002,69.599998,67.784492,933600
2016-02-17,69.900002,71.949997,69.720001,71.769997,69.897888,1136000
2016-02-18,72.0,72.379997,70.93,72.32,70.433548,1547000
2016-02-19,71.470001,72.480003,71.32,72.339996,70.721947,1195300
2016-02-22,73.099998,73.699997,71.800003,72.389999,70.770821,1193400
2016-02-23,72.099998,73.029999,71.589996,72.739998,71.112999,905600
2016-02-24,72.32,73.699997,71.059998,73.599998,71.953758,1026900
2016-02-25,73.68,75.0,73.209999,74.910004,73.234459,990600
2016-02-26,75.0,75.510002,73.620003,74.57,72.902061,968400
2016-02-29,74.089996,74.57,73.849998,73.900002,72.247055,1033700
2016-03-01,74.199997,77.099998,73.959999,77.07,75.346153,1364700
2016-03-02,76.650002,77.639999,76.0,77.260002,75.531898,1069900
2016-03-03,77.07,78.489998,76.730003,78.25,76.499756,1098500
2016-03-04,78.449997,78.449997,76.800003,77.66999799999999,75.932716,1106700
2016-03-07,77.050003,77.769997,76.18,77.199997,75.473236,1124200
2016-03-08,76.040001,77.360001,75.08000200000001,76.400002,74.691132,1543100
2016-03-09,76.970001,78.019997,76.059998,77.32,75.590553,822200
2016-03-10,77.389999,77.809998,75.150002,76.389999,74.68135799999999,1171700
2016-03-11,77.83000200000001,80.779999,77.620003,80.769997,78.963379,1735300
2016-03-14,80.239998,80.699997,79.199997,79.790001,78.00531,1232600
2016-03-15,79.400002,80.08000200000001,79.089996,79.989998,78.200836,793900
2016-03-16,79.5,80.709999,79.41999799999999,80.529999,78.728752,846400
2016-03-17,80.41999799999999,81.449997,80.089996,80.980003,79.168686,1109300
2016-03-18,80.699997,83.0,80.550003,82.029999,80.195213,1966300
2016-03-21,82.279999,82.589996,81.910004,82.260002,80.420052,1098300
2016-03-22,81.199997,82.480003,81.029999,82.029999,80.195213,694000
2016-03-23,81.800003,82.040001,80.559998,81.120003,79.305557,1279200
2016-03-24,80.470001,80.589996,79.41999799999999,80.589996,78.787415,1159700
2016-03-28,80.519997,82.900002,80.040001,81.489998,79.667274,1267900
2016-03-29,81.540001,82.730003,81.18,82.349998,80.508034,1195500
2016-03-30,82.589996,83.0,82.0,82.33000200000001,80.488495,985800
2016-03-31,82.389999,83.089996,81.809998,82.019997,80.18543199999999,1102400
2016-04-01,81.260002,82.08000200000001,80.43,82.010002,80.175659,1021400
2016-04-04,78.220001,78.980003,77.010002,78.91999799999999,77.15477,6457100
2016-04-05,78.389999,81.470001,78.25,79.68,77.897766,2760900
2016-04-06,79.959999,80.099998,78.290001,79.639999,77.85865799999999,1659300
2016-04-07,79.449997,79.660004,77.690002,78.279999,76.529076,1481100
2016-04-08,78.709999,79.449997,78.160004,79.08000200000001,77.311195,910900
2016-04-11,79.779999,80.449997,78.470001,78.480003,76.72461700000001,1423100
2016-04-12,78.879997,79.889999,78.75,79.25,77.47737099999999,977500
2016-04-13,80.029999,82.0,79.730003,81.870003,80.038788,1118500
2016-04-14,82.139999,83.260002,81.82,81.860001,80.029015,1153200
2016-04-15,81.849998,82.550003,81.33000200000001,82.379997,80.537369,1103900
2016-04-18,82.510002,82.75,81.0,82.239998,80.400513,970400
2016-04-19,82.360001,82.720001,81.339996,82.120003,80.28319499999999,932200
2016-04-20,82.099998,82.68,81.529999,81.599998,79.774826,1206800
2016-04-21,81.43,82.089996,78.790001,79.379997,77.604477,1503900
2016-04-22,77.699997,78.209999,75.730003,76.809998,75.091957,2540600
2016-04-25,76.66999799999999,77.209999,74.400002,74.449997,72.784752,2335200
2016-04-26,74.57,75.480003,73.08000200000001,74.349998,72.686981,1803100
2016-04-27,74.239998,75.089996,73.529999,73.58000200000001,71.934212,1357700
2016-04-28,73.5,73.58000200000001,71.83000200000001,72.010002,70.39933,1032700
2016-04-29,71.559998,71.639999,70.120003,70.43,68.85466,2065600
2016-05-02,70.559998,71.0,70.279999,70.529999,68.952431,1100200
2016-05-03,70.5,70.900002,69.599998,70.410004,68.835114,1408800
2016-05-04,69.68,69.889999,68.900002,69.099998,67.554413,1263100
2016-05-05,69.089996,70.16999799999999,68.940002,69.139999,67.593521,1249000
2016-05-06,68.68,69.019997,67.199997,68.510002,66.9776,1190400
2016-05-09,68.970001,69.800003,68.760002,68.800003,67.261139,1278600
2016-05-10,69.309998,69.870003,68.800003,69.33000200000001,67.779266,916300
2016-05-11,68.699997,69.41999799999999,67.410004,67.599998,66.087959,3733300
2016-05-12,68.029999,68.139999,65.120003,65.57,64.103363,27347100
2016-05-13,65.720001,67.139999,65.5,66.260002,64.777939,2238100
2016-05-16,66.610001,67.199997,65.269997,66.309998,64.82682,2451200
2016-05-17,66.389999,67.279999,65.099998,65.440002,63.97628,2756600
2016-05-18,65.489998,67.489998,65.300003,66.41999799999999,64.93435699999999,1734600
2016-05-19,66.059998,66.58000200000001,64.43,65.389999,63.927391,1737400
2016-05-20,65.650002,66.269997,65.07,65.209999,64.02065999999999,1131800
2016-05-23,65.540001,66.040001,65.18,65.339996,64.14829300000001,1140600
2016-05-24,65.839996,67.0,65.790001,66.870003,65.65038299999999,1724300
2016-05-25,66.849998,68.0,66.730003,66.910004,65.689667,1413800
2016-05-26,66.769997,67.07,65.620003,66.139999,64.933701,1344300
2016-05-27,66.290001,67.089996,66.160004,66.82,65.601295,1086700
2016-05-31,66.639999,66.82,65.559998,66.400002,65.188965,1329700
2016-06-01,66.400002,66.400002,65.699997,65.959999,64.756989,1859700
2016-06-02,65.589996,66.510002,65.510002,65.940002,64.73735,1296100
2016-06-03,65.900002,65.959999,64.269997,65.08000200000001,63.893035999999995,1672800
2016-06-06,65.0,65.25,64.230003,65.209999,64.02065999999999,1453500
2016-06-07,65.0,66.790001,65.0,66.33000200000001,65.12024699999999,1813200
2016-06-08,66.309998,67.43,66.059998,66.389999,65.179146,1553300
2016-06-09,66.389999,67.949997,66.389999,67.5,66.268898,2062500
2016-06-10,66.900002,67.510002,66.339996,66.91999799999999,65.699471,1117800
2016-06-13,66.309998,66.480003,64.220001,64.290001,63.117447,1484500
2016-06-14,63.91,64.260002,61.0,61.52,60.397968000000006,2078500
2016-06-15,61.619999,63.209998999999996,60.970001,61.16,60.044525,2381200
2016-06-16,60.740002000000004,61.18,60.029999,60.369999,59.268936,1750200
2016-06-17,60.310001,60.650002,59.48,59.880001,58.787876000000004,2438000
2016-06-20,60.529999,60.700001,59.32,59.48,58.395168000000005,1786800
2016-06-21,60.110001000000004,61.43,59.790001000000004,60.459998999999996,59.3573,1842700
2016-06-22,60.459998999999996,61.080002,59.599998,59.68,58.591522,1331300
2016-06-23,60.349998,60.470001,58.740002000000004,59.139998999999996,58.061375,1764500
2016-06-24,57.02,58.240002000000004,56.290001000000004,56.490002000000004,55.459702,3622400
2016-06-27,55.549999,55.900002,54.509997999999996,55.66,54.64484399999999,3100800
2016-06-28,56.549999,56.919998,55.330002,56.709998999999996,55.67569,1969300
2016-06-29,57.139998999999996,58.07,56.880001,57.689999,56.637817000000005,1878600
2016-06-30,57.950001,58.290001000000004,57.299999,58.290001000000004,57.226879000000004,1792100
2016-07-01,58.240002000000004,59.060001,58.049999,58.740002000000004,57.668670999999996,1421500
2016-07-05,58.560001,58.75,57.610001000000004,58.630001,57.560677,1352300
2016-07-06,57.869999,58.59,56.450001,58.540001000000004,57.472317000000004,2203500
2016-07-07,58.369999,59.939999,58.310001,59.470001,58.385353,1228500
2016-07-08,59.720001,60.540001000000004,59.720001,59.860001000000004,58.768246,2276400
2016-07-11,60.169998,60.73,59.900002,60.16,59.062771,1519400
2016-07-12,61.27,63.450001,61.189999,63.25,62.096413,2451400
2016-07-13,63.84,64.0,62.709998999999996,63.169998,62.01786800000001,1772100
2016-07-14,63.709998999999996,64.889999,63.290001000000004,64.860001,63.677043999999995,2132100
2016-07-15,64.66999799999999,65.190002,64.209999,65.040001,63.853770999999995,2810000
2016-07-18,64.91999799999999,65.449997,64.18,64.239998,63.068352000000004,1430600
2016-07-19,63.84,64.110001,63.16,63.869999,62.705109,1253200
2016-07-20,64.029999,64.209999,63.23,63.490002000000004,62.332043000000006,1918300
2016-07-21,62.950001,65.529999,61.610001000000004,64.709999,63.52978100000001,2829200
2016-07-22,65.16999799999999,65.550003,64.300003,64.599998,63.421791000000006,1784800
2016-07-25,65.650002,66.150002,65.010002,65.400002,64.207199,1580600
2016-07-26,65.660004,66.58000200000001,64.889999,66.529999,65.31658900000001,1535100
2016-07-27,67.800003,68.010002,67.010002,67.870003,66.63215600000001,2404700
2016-07-28,67.699997,68.550003,67.470001,68.459999,67.211388,1845900
2016-07-29,68.440002,68.849998,67.16999799999999,67.220001,65.994019,2003100
2016-08-01,67.349998,67.68,66.650002,67.650002,66.416168,1317600
2016-08-02,67.230003,67.360001,64.66999799999999,64.889999,63.70650500000001,2138800
2016-08-03,64.650002,65.57,64.5,65.099998,63.912673999999996,1055400
2016-08-04,65.139999,65.309998,64.510002,65.099998,63.912673999999996,914000
2016-08-05,65.559998,66.410004,65.400002,66.230003,65.022064,962200
2016-08-08,66.099998,66.360001,65.529999,65.860001,64.658813,941000
2016-08-09,66.160004,66.360001,64.93,64.989998,63.804676,1032100
2016-08-10,64.959999,65.059998,64.25,64.839996,63.65740600000001,958000
2016-08-11,65.529999,66.610001,65.470001,66.110001,64.904251,1268100
2016-08-12,65.889999,66.239998,65.33000200000001,65.379997,64.187569,577400
2016-08-15,65.540001,66.459999,65.050003,66.120003,64.914063,814600
2016-08-16,65.690002,66.400002,65.360001,66.0,65.066872,819500
2016-08-17,65.970001,67.370003,65.779999,67.349998,66.39778100000001,1514200
2016-08-18,67.199997,67.910004,66.730003,67.699997,66.74284399999999,2154300
2016-08-19,67.290001,67.720001,66.699997,67.07,66.12175,1094600
2016-08-22,66.800003,67.07,66.360001,66.860001,65.91471899999999,789200
2016-08-23,67.139999,67.879997,66.949997,67.349998,66.39778100000001,839500
2016-08-24,67.18,68.300003,67.18,67.91999799999999,66.959724,840800
2016-08-25,67.720001,68.480003,67.68,68.339996,67.373787,1027200
2016-08-26,68.190002,68.33000200000001,67.010002,67.269997,66.31890899999999,956700
2016-08-29,67.309998,67.620003,66.959999,67.040001,66.092171,898600
2016-08-30,67.120003,68.33000200000001,66.730003,67.550003,66.594955,1461600
2016-08-31,67.43,67.860001,66.5,67.529999,66.575241,1122900
2016-09-01,67.809998,68.440002,67.08000200000001,67.260002,66.30905899999999,915900
2016-09-02,67.260002,68.25,67.260002,68.209999,67.245628,692600
2016-09-06,68.25,69.010002,68.019997,69.0,68.024452,1030000
2016-09-07,69.279999,71.300003,69.269997,71.029999,70.025757,1738800
2016-09-08,70.860001,71.629997,70.779999,71.32,70.311661,1435500
2016-09-09,70.959999,71.089996,68.860001,68.860001,67.886436,1359300
2016-09-12,68.349998,70.0,67.690002,69.790001,68.803291,1170800
2016-09-13,69.57,70.290001,68.150002,68.32,67.354073,1381500
2016-09-14,68.25,68.440002,66.529999,66.650002,65.707695,1305500
2016-09-15,66.58000200000001,67.400002,65.959999,66.809998,65.86541700000001,1184700
2016-09-16,66.559998,66.870003,65.629997,65.699997,64.771118,1140400
2016-09-19,65.800003,66.57,65.559998,65.690002,64.761269,1231800
2016-09-20,65.900002,66.269997,65.489998,65.5,64.573944,551100
2016-09-21,65.83000200000001,66.910004,65.25,66.699997,65.75698100000001,1320900
2016-09-22,67.050003,67.980003,65.58000200000001,66.040001,65.1063,2125700
2016-09-23,65.730003,66.629997,65.360001,65.769997,64.840118,2330700
2016-09-26,65.620003,65.690002,64.190002,64.599998,63.686661,1410300
2016-09-27,64.75,66.139999,64.730003,65.989998,65.057022,1118700
2016-09-28,66.290001,67.699997,66.029999,66.199997,65.264046,1091100
2016-09-29,66.010002,66.510002,65.269997,65.309998,64.386627,785000
2016-09-30,65.599998,66.349998,65.290001,65.860001,64.92885600000001,884100
2016-10-03,65.599998,67.120003,65.599998,67.089996,66.141464,1041600
2016-10-04,68.41999799999999,69.620003,68.0,68.709999,67.738564,1956100
2016-10-05,68.620003,68.839996,67.760002,68.309998,67.344215,1010900
2016-10-06,68.379997,69.110001,68.16999799999999,69.089996,68.113182,821400
2016-10-07,69.07,69.199997,67.889999,68.110001,67.147049,1197700
2016-10-10,68.290001,69.940002,68.16999799999999,69.910004,68.9216,846100
2016-10-11,70.0,70.239998,69.110001,69.33000200000001,68.3498,1454200
2016-10-12,69.860001,71.25,69.860001,70.43,69.43425,2022000
2016-10-13,71.010002,73.190002,70.139999,72.959999,71.928467,2156800
2016-10-14,73.18,73.699997,71.699997,72.309998,71.287666,1155900
2016-10-17,72.33000200000001,73.290001,71.900002,71.940002,70.92289699999999,810300
2016-10-18,72.449997,73.16999799999999,71.599998,72.110001,71.090492,1097300
2016-10-19,72.040001,73.519997,71.779999,73.459999,72.421402,1289700
2016-10-20,74.230003,75.309998,72.82,75.290001,74.225525,1623300
2016-10-21,74.33000200000001,75.050003,73.870003,74.559998,73.505852,1111300
2016-10-24,74.879997,75.040001,73.5,73.610001,72.569283,779500
2016-10-25,73.41999799999999,73.989998,72.32,72.400002,71.376396,1235100
2016-10-26,70.5,72.879997,70.449997,71.129997,70.124344,1546700
2016-10-27,71.470001,72.269997,70.629997,71.120003,70.114487,895300
2016-10-28,71.220001,72.400002,71.07,71.779999,70.765152,721500
2016-10-31,72.08000200000001,72.309998,71.440002,72.220001,71.198929,679800
2016-11-01,72.239998,72.849998,70.660004,71.43,70.420105,736400
2016-11-02,71.550003,72.940002,70.910004,70.959999,69.956757,1027700
2016-11-03,70.959999,71.230003,69.57,69.660004,68.675133,884600
2016-11-04,69.699997,71.050003,69.120003,70.260002,69.26664699999999,1161100
2016-11-07,71.379997,72.589996,70.879997,72.57,71.543983,1119900
2016-11-08,72.459999,73.099998,71.769997,72.709999,71.682007,839500
2016-11-09,71.239998,73.620003,70.870003,73.18,72.145363,859900
2016-11-10,73.339996,75.41999799999999,73.290001,74.970001,74.18885,1519400
2016-11-11,74.519997,75.33000200000001,74.139999,75.230003,74.44614399999999,759500
2016-11-14,75.709999,78.099998,75.599998,77.83000200000001,77.019051,1267900
2016-11-15,79.209999,80.400002,77.650002,78.239998,77.424767,1249600
2016-11-16,78.0,78.290001,77.309998,77.769997,76.959671,860600
2016-11-17,77.660004,78.900002,77.480003,78.849998,78.028419,679900
2016-11-18,78.489998,82.150002,77.900002,79.470001,78.64196,959800
2016-11-21,79.5,79.57,78.720001,78.779999,77.95914499999999,796000
2016-11-22,79.129997,81.860001,79.089996,81.529999,80.68049599999999,1464500
2016-11-23,81.470001,83.0,80.510002,82.959999,82.095596,1578200
2016-11-25,83.0,83.379997,82.459999,82.75,81.88777900000001,421900
2016-11-28,82.339996,83.199997,81.809998,82.43,81.571114,1003100
2016-11-29,82.470001,83.470001,82.099998,82.779999,81.917465,705600
2016-11-30,81.41999799999999,83.260002,80.0,82.269997,81.41278100000001,1742800
2016-12-01,81.900002,83.66999799999999,80.720001,82.860001,81.996628,1321300
2016-12-02,83.0,84.93,82.589996,84.83000200000001,83.946106,1808700
2016-12-05,84.980003,85.08000200000001,82.129997,83.120003,82.253929,1964100
2016-12-06,83.209999,84.879997,82.82,84.800003,83.91642,1539600
2016-12-07,84.709999,88.120003,84.519997,87.66999799999999,86.756523,1821000
2016-12-08,87.559998,89.459999,86.5,88.550003,87.62735,1555200
2016-12-09,88.889999,90.269997,88.889999,89.769997,88.834633,1329000
2016-12-12,89.050003,89.230003,86.269997,86.730003,85.826309,1274900
2016-12-13,87.010002,88.82,86.559998,86.870003,85.964851,1249900
2016-12-14,86.660004,87.889999,86.209999,86.379997,85.479958,1033100
2016-12-15,87.260002,91.620003,87.099998,90.120003,89.180992,1745800
2016-12-16,90.790001,91.529999,88.720001,88.730003,87.80547299999999,2385900
2016-12-19,88.91999799999999,90.68,88.91999799999999,90.33000200000001,89.388802,1094000
2016-12-20,90.639999,91.889999,90.260002,91.559998,90.60598,884100
2016-12-21,91.260002,91.589996,90.050003,91.120003,90.170578,899500
2016-12-22,91.220001,91.339996,88.75,89.099998,88.171623,1099600
2016-12-23,89.379997,90.470001,89.360001,90.43,89.487755,792700
2016-12-27,90.870003,91.370003,90.129997,90.540001,89.59661899999999,654700
2016-12-28,90.440002,91.019997,88.639999,88.690002,87.76589200000001,666000
2016-12-29,88.709999,89.360001,87.839996,88.529999,87.607559,770500
2016-12-30,88.739998,89.139999,88.019997,88.730003,87.80547299999999,931000
2017-01-03,88.91999799999999,91.0,87.910004,88.0,87.083076,1387500
2017-01-04,87.550003,89.43,86.639999,89.18,88.250786,1362900
2017-01-05,89.160004,89.730003,87.5,87.760002,86.84558100000001,1499700
2017-01-06,87.610001,87.690002,86.300003,86.980003,86.073708,929700
2017-01-09,86.779999,88.349998,86.220001,87.470001,86.558601,1278700
2017-01-10,88.459999,92.489998,88.459999,92.0,91.04140500000001,2126500
2017-01-11,92.800003,94.800003,91.779999,93.800003,92.822647,2537800
2017-01-12,93.220001,93.970001,91.639999,93.260002,92.28827700000001,1524900
2017-01-13,93.300003,94.400002,93.089996,94.32,93.337227,833300
2017-01-17,94.0,94.800003,92.68,93.410004,92.436714,1090700
2017-01-18,92.489998,93.480003,91.75,92.93,91.96171600000001,1829100
2017-01-19,93.290001,94.699997,93.230003,94.220001,93.23826600000001,1505000
2017-01-20,94.290001,94.730003,93.800003,94.709999,93.72316,1318800
2017-01-23,94.379997,94.800003,92.699997,93.07,92.100258,926100
2017-01-24,93.010002,93.849998,92.540001,92.860001,91.892441,868600
2017-01-25,93.550003,94.16999799999999,93.07,93.379997,92.407013,700300
2017-01-26,93.75,96.029999,93.519997,95.900002,94.900764,1266400
2017-01-27,96.050003,96.269997,95.0,95.129997,94.138779,1566800
2017-01-30,94.059998,94.309998,92.220001,94.160004,93.17890200000001,1173600
2017-01-31,93.68,94.0,92.870003,93.82,92.842438,932500
2017-02-01,93.83000200000001,94.68,93.029999,93.629997,92.654411,830200
2017-02-02,92.940002,94.650002,92.370003,94.529999,93.545036,1174700
2017-02-03,94.690002,95.339996,93.550003,94.089996,93.109619,933000
2017-02-06,94.75,95.790001,94.309998,95.120003,94.12889100000001,864000
2017-02-07,95.41999799999999,95.449997,93.91999799999999,94.099998,93.119514,1572900
2017-02-08,95.099998,98.800003,94.980003,97.199997,96.187218,2683600
2017-02-09,97.08000200000001,98.889999,95.120003,98.410004,97.384613,2161700
2017-02-10,98.370003,98.83000200000001,97.160004,97.349998,96.335655,1258000
2017-02-13,97.470001,98.400002,97.360001,98.019997,96.998672,1077600
2017-02-14,98.110001,98.300003,95.660004,96.300003,95.2966,1252300
2017-02-15,97.110001,97.75,96.309998,96.959999,95.949715,1449100
2017-02-16,96.989998,97.260002,95.800003,96.690002,95.9795,1296800
2017-02-17,96.120003,96.690002,95.309998,96.599998,95.89016,910000
2017-02-21,96.339996,97.099998,95.910004,96.610001,95.900093,1068200
2017-02-22,96.379997,97.519997,96.239998,97.25,96.53538499999999,870900
2017-02-23,97.25,97.690002,95.779999,95.889999,95.185379,822100
2017-02-24,95.199997,97.059998,94.83000200000001,97.010002,96.29715,653800
2017-02-27,96.760002,97.870003,96.230003,97.839996,97.12104000000001,778800
2017-02-28,97.910004,98.760002,97.400002,97.82,97.101196,1163100
2017-03-01,98.040001,101.43,98.040001,100.239998,99.50341,1562400
2017-03-02,99.910004,100.089996,96.220001,96.360001,95.651924,1838200
2017-03-03,96.550003,99.220001,96.510002,98.940002,98.212975,1535800
2017-03-06,98.470001,98.809998,95.529999,96.629997,95.919937,1770100
2017-03-07,96.150002,96.43,94.889999,95.120003,94.421036,1235200
2017-03-08,95.269997,95.989998,94.18,95.199997,94.50045,1298500
2017-03-09,95.389999,96.33000200000001,94.480003,94.779999,94.083534,1205000
2017-03-10,94.58000200000001,96.68,94.339996,96.610001,95.900093,1217100
2017-03-13,96.33000200000001,98.300003,96.16999799999999,96.58000200000001,95.870308,1375500
2017-03-14,96.220001,96.389999,94.139999,94.5,93.805595,1132800
2017-03-15,93.110001,95.900002,92.33000200000001,95.360001,94.659279,1876100
2017-03-16,95.379997,95.82,93.660004,94.139999,93.44824200000001,1396100
2017-03-17,94.550003,94.589996,93.269997,93.360001,92.673973,1321300
2017-03-20,95.190002,95.25,93.849998,94.82,94.123245,1498800
2017-03-21,95.400002,95.400002,92.010002,92.110001,91.433159,1492900
2017-03-22,91.660004,92.959999,89.0,92.91999799999999,92.23719799999999,1678700
2017-03-23,92.989998,95.239998,92.360001,94.050003,93.358902,1331300
2017-03-24,94.239998,95.360001,93.059998,94.699997,94.00412,856900
2017-03-27,93.440002,95.43,93.139999,95.0,94.301918,1063900
2017-03-28,94.970001,97.059998,94.730003,96.33000200000001,95.622147,1571800
2017-03-29,96.5,96.58000200000001,93.75,94.300003,93.60707099999999,1317900
2017-03-30,94.360001,94.93,93.400002,93.660004,92.97177099999999,2143600
2017-03-31,93.360001,93.57,92.18,92.220001,91.542351,1856900
2017-04-03,92.41999799999999,92.57,90.699997,92.370003,91.691254,1978900
2017-04-04,92.139999,92.589996,90.120003,90.220001,89.557045,1278600
2017-04-05,90.809998,91.41999799999999,89.970001,90.050003,89.38829,1188500
2017-04-06,90.279999,90.709999,89.089996,89.43,88.77285,1509700
2017-04-07,88.989998,89.82,88.410004,89.16999799999999,88.51475500000001,1277000
2017-04-10,89.400002,90.050003,88.800003,89.040001,88.385712,1056800
2017-04-11,88.790001,89.660004,87.739998,88.839996,88.18718,1314400
2017-04-12,89.599998,90.0,88.269997,88.660004,88.008507,1545300
2017-04-13,88.33000200000001,88.550003,86.300003,86.33000200000001,85.695633,1577600
2017-04-17,86.589996,87.139999,86.120003,86.910004,86.27136999999999,984800
2017-04-18,86.970001,87.660004,85.75,86.529999,85.89415699999999,1106300
2017-04-19,86.940002,87.940002,86.58000200000001,87.190002,86.549309,894200
2017-04-20,87.599998,88.639999,87.199997,88.370003,87.720642,797700
2017-04-21,88.449997,89.309998,88.110001,89.110001,88.4552,1147000
2017-04-24,90.75,91.43,90.07,90.68,90.013664,1342000
2017-04-25,91.0,91.910004,90.690002,91.41999799999999,90.748222,1615500
2017-04-26,90.349998,91.949997,88.18,88.25,87.601524,2385800
2017-04-27,86.18,86.339996,83.760002,84.93,84.305916,3162800
2017-04-28,84.980003,85.690002,84.800003,85.089996,84.464737,1172500
2017-05-01,85.339996,85.620003,84.410004,84.41999799999999,83.79966,1117100
2017-05-02,84.400002,86.690002,84.389999,86.489998,85.854446,1680000
2017-05-03,86.400002,86.83000200000001,85.540001,86.599998,85.963646,1178600
2017-05-04,86.68,87.309998,84.959999,85.43,84.802238,1256900
2017-05-05,85.720001,85.83000200000001,84.629997,85.239998,84.61364,947200
2017-05-08,85.269997,85.440002,83.440002,83.529999,82.916206,2579300
2017-05-09,84.230003,84.599998,83.220001,84.209999,83.59120899999999,1635400
2017-05-10,84.08000200000001,84.41999799999999,83.110001,83.190002,82.578705,1282100
2017-05-11,83.150002,83.910004,82.370003,83.650002,83.035324,1804300
2017-05-12,83.449997,84.33000200000001,83.370003,83.589996,82.97575400000001,1533500
2017-05-15,84.309998,85.879997,84.309998,84.870003,84.246361,1494000
2017-05-16,85.220001,85.220001,83.82,84.730003,84.107384,1601900
2017-05-17,84.730003,84.730003,82.139999,82.190002,81.586052,1246200
2017-05-18,82.120003,83.550003,82.029999,83.040001,82.42981,1179100
2017-05-19,83.16999799999999,84.989998,82.959999,84.57,84.252937,1201100
2017-05-22,84.849998,85.779999,84.709999,85.279999,84.96028100000001,847800
2017-05-23,85.239998,86.410004,84.449997,85.779999,85.458405,1540200
2017-05-24,85.849998,86.529999,84.459999,84.540001,84.22305300000001,1320700
2017-05-25,84.75,86.800003,84.510002,86.58000200000001,86.255409,1595000
2017-05-26,86.41999799999999,87.339996,85.860001,86.620003,86.29525799999999,1325200
2017-05-30,86.129997,86.83000200000001,85.709999,85.809998,85.488289,1412300
2017-05-31,86.150002,87.339996,85.58000200000001,87.050003,86.723648,1412100
2017-06-01,87.260002,88.550003,87.040001,88.230003,87.89922299999999,1273700
2017-06-02,88.610001,90.18,88.559998,89.309998,88.975166,1481500
2017-06-05,89.129997,89.660004,88.68,89.300003,88.96521,1275500
2017-06-06,88.690002,90.349998,88.550003,89.199997,88.865578,1268600
2017-06-07,89.400002,92.190002,88.769997,91.690002,91.346252,1649900
2017-06-08,91.690002,91.980003,90.25,90.540001,90.200562,1888500
2017-06-09,90.779999,91.279999,89.720001,89.93,89.59285,1291500
2017-06-12,89.75,89.75,87.68,89.040001,88.706184,817400
2017-06-13,89.43,89.93,87.839996,88.910004,88.576675,1032600
2017-06-14,88.83000200000001,89.68,88.199997,89.16999799999999,88.835693,643300
2017-06-15,88.66999799999999,88.690002,87.089996,88.410004,88.07854499999999,814700
2017-06-16,88.339996,89.010002,88.07,88.739998,88.407303,1218500
2017-06-19,89.339996,90.82,88.970001,90.769997,90.429695,760100
2017-06-20,90.769997,90.989998,89.32,89.389999,89.05487099999999,769200
2017-06-21,90.010002,91.010002,89.550003,90.83000200000001,90.489471,824900
2017-06-22,91.699997,91.949997,90.290001,91.019997,90.67875699999999,917700
2017-06-23,91.089996,92.160004,90.91999799999999,91.629997,91.286469,1355100
2017-06-26,92.019997,93.160004,90.83000200000001,90.870003,90.529327,737200
2017-06-27,90.489998,90.849998,88.900002,88.91999799999999,88.586632,1211200
2017-06-28,89.510002,89.83000200000001,88.339996,88.410004,88.07854499999999,1214000
2017-06-29,88.730003,89.650002,88.290001,89.099998,88.765953,1019100
2017-06-30,89.400002,90.309998,88.83000200000001,89.760002,89.423485,1231800
2017-07-03,90.269997,90.93,89.900002,90.220001,89.88176,543200
2017-07-05,90.480003,92.370003,90.120003,91.279999,90.937782,1061700
2017-07-06,91.0,92.110001,90.239998,91.400002,91.057335,1091000
2017-07-07,91.68,93.980003,91.610001,93.889999,93.538002,1127100
2017-07-10,93.059998,93.779999,92.809998,92.940002,92.59156,1296600
2017-07-11,92.660004,93.239998,91.519997,91.57,91.2267,1092900
2017-07-12,92.5,94.75,92.209999,94.629997,94.275223,1176800
2017-07-13,94.290001,95.75,93.720001,93.739998,93.38855699999999,1116500
2017-07-14,94.0,94.190002,92.440002,92.629997,92.28272199999999,911800
2017-07-17,92.709999,93.0,91.839996,92.08000200000001,91.734787,965100
2017-07-18,91.75,91.91999799999999,90.529999,90.75,90.409775,948900
2017-07-19,90.550003,90.839996,89.660004,90.269997,89.931564,1027500
2017-07-20,90.260002,90.260002,88.910004,89.099998,88.765953,997600
2017-07-21,88.889999,89.18,88.08000200000001,88.25,87.91914399999999,942800
2017-07-24,88.190002,88.239998,86.959999,87.010002,86.68379200000001,882700
2017-07-25,87.550003,88.339996,86.93,87.129997,86.803337,1162100
2017-07-26,85.279999,88.739998,83.410004,87.720001,87.391136,2873800
2017-07-27,87.019997,88.449997,84.639999,87.980003,87.650162,2459600
2017-07-28,87.58000200000001,87.989998,85.470001,86.32,85.996376,1725400
2017-07-31,86.540001,86.57,85.18,85.230003,84.91046899999999,1253500
2017-08-01,85.900002,87.16999799999999,84.910004,85.510002,85.189423,1569300
2017-08-02,85.389999,85.970001,84.980003,85.639999,85.31893199999999,989700
2017-08-03,85.410004,86.040001,84.41999799999999,84.989998,84.671364,979100
2017-08-04,85.220001,85.949997,84.760002,85.870003,85.548073,821400
2017-08-07,86.150002,86.68,85.809998,86.0,85.677582,838600
2017-08-08,85.849998,86.91999799999999,85.019997,85.150002,84.830765,972300
2017-08-09,84.870003,84.900002,83.82,84.339996,84.02379599999999,837800
2017-08-10,83.989998,84.239998,83.129997,83.790001,83.475868,1099400
2017-08-11,83.610001,84.959999,83.300003,84.470001,84.15332,1136900
2017-08-14,85.389999,85.699997,83.900002,85.089996,84.770988,1127000
2017-08-15,84.790001,85.099998,83.160004,83.910004,83.595421,1573700
2017-08-16,84.089996,85.139999,81.93,83.809998,83.495789,1191700
2017-08-17,83.709999,83.989998,79.93,80.019997,79.719994,1358800
2017-08-18,79.769997,80.010002,78.440002,78.449997,78.449997,1649900
2017-08-21,78.5,79.190002,77.82,77.980003,77.980003,1178200
2017-08-22,78.230003,78.620003,76.709999,77.110001,77.110001,1305200
2017-08-23,77.110001,77.110001,74.800003,74.910004,74.910004,1577300
2017-08-24,75.18,75.18,73.290001,73.519997,73.519997,1933600
2017-08-25,73.910004,76.0,73.910004,75.529999,75.529999,1675300
2017-08-28,75.68,75.68,74.209999,74.309998,74.309998,1584600
2017-08-29,73.870003,74.5,73.550003,74.379997,74.379997,1163600
2017-08-30,74.300003,74.410004,73.400002,74.129997,74.129997,919900
2017-08-31,74.510002,75.230003,74.389999,74.660004,74.660004,999700
2017-09-01,75.099998,75.650002,74.589996,75.150002,75.150002,1070700
2017-09-05,74.57,74.650002,72.779999,73.050003,73.050003,1616500
2017-09-06,72.459999,73.870003,71.699997,73.68,73.68,2524000
2017-09-07,74.08000200000001,74.949997,73.029999,73.160004,73.160004,2114900
2017-09-08,73.010002,74.660004,72.949997,74.300003,74.300003,1201000
2017-09-11,74.949997,75.790001,74.83000200000001,75.589996,75.589996,1832200
2017-09-12,75.769997,76.410004,75.150002,76.32,76.32,1197800
2017-09-13,76.57,76.57,75.209999,76.209999,76.209999,1131900
2017-09-14,76.779999,78.440002,76.75,77.489998,77.489998,2500100
2017-09-15,76.860001,76.980003,75.019997,75.279999,75.279999,2224700
2017-09-18,75.129997,75.260002,72.720001,73.07,73.07,2334400
2017-09-19,73.08000200000001,73.769997,71.809998,72.239998,72.239998,2148600
2017-09-20,72.459999,73.639999,71.93,73.0,73.0,1452300
2017-09-21,73.120003,73.389999,71.16999799999999,72.910004,72.910004,2426400
2017-09-22,72.849998,74.91999799999999,72.550003,74.75,74.75,1717700
2017-09-25,74.75,75.360001,74.190002,74.790001,74.790001,1489600
2017-09-26,75.5,76.269997,74.809998,74.959999,74.959999,1281500
2017-09-27,75.309998,75.58000200000001,74.290001,75.099998,75.099998,1304000
2017-09-28,74.970001,76.099998,74.66999799999999,75.870003,75.870003,1271100
2017-09-29,76.0,76.589996,75.940002,76.269997,76.269997,1032100
2017-10-02,76.300003,77.25,76.209999,77.029999,77.029999,1353800
2017-10-03,77.07,80.199997,77.050003,80.150002,80.150002,1936600
2017-10-04,80.75,82.5,80.269997,80.839996,80.839996,2358700
2017-10-05,80.75,80.83000200000001,78.879997,79.75,79.75,1474600
